{"stats":{"minecraft:killed":{"betternether:skull":5,"minecraft:skeleton":211,"minecraft:magma_cube":10,"minecraft:zombie":234,"minecraft:cow":17,"minecraft:zoglin":2,"minecraft:husk":42,"minecraft:breeze":14,"minecraft:enderman":1,"minecraft:spider":8,"minecraft:piglin_brute":16,"artifacts:mimic":5,"minecraft:piglin":14,"minecraft:zombie_villager":1,"minecraft:creeper":7,"minecraft:sheep":3,"minecraft:blaze":3,"minecraft:bogged":53,"minecraft:slime":178,"minecraft:drowned":1,"minecraft:hoglin":6,"minecraft:wither_skeleton":57,"minecraft:villager":4},"minecraft:broken":{"minecraft:iron_boots":1,"minecraft:iron_chestplate":1,"minecraft:iron_leggings":1,"minecraft:shield":1,"minecraft:iron_helmet":1},"minecraft:custom":{"minecraft:interact_with_crafting_table":105,"minecraft:open_barrel":56,"minecraft:bell_ring":27,"minecraft:leave_game":18,"minecraft:time_since_death":785470,"minecraft:damage_blocked_by_shield":2570,"minecraft:play_time":966029,"minecraft:deaths":11,"minecraft:jump":14798,"minecraft:enchant_item":5,"minecraft:interact_with_furnace":92,"minecraft:traded_with_villager":2021,"minecraft:sleep_in_bed":57,"minecraft:damage_dealt":83361,"minecraft:inspect_dispenser":6,"minecraft:interact_with_smithing_table":11,"minecraft:interact_with_anvil":35,"minecraft:sneak_time":110959,"minecraft:interact_with_lectern":1,"minecraft:interact_with_blast_furnace":36,"minecraft:total_world_time":980388,"minecraft:time_since_rest":7869,"minecraft:swim_one_cm":82823,"minecraft:fly_one_cm":2761573,"minecraft:open_chest":671,"minecraft:fall_one_cm":339448,"minecraft:animals_bred":2,"minecraft:sprint_one_cm":1527043,"minecraft:drop":1123,"minecraft:talked_to_villager":1406,"minecraft:interact_with_brewingstand":1,"minecraft:walk_on_water_one_cm":56849,"minecraft:crouch_one_cm":357349,"minecraft:mob_kills":898,"minecraft:climb_one_cm":24582,"minecraft:walk_one_cm":2101964,"minecraft:walk_under_water_one_cm":42461,"minecraft:boat_one_cm":164209,"minecraft:interact_with_grindstone":5,"minecraft:damage_taken":14541,"minecraft:damage_absorbed":247},"minecraft:mined":{"betternether:cincinnasite_pedestal":1,"minecraft:white_bed":28,"betternether:bone_block":1,"betternether:wart_roots":17,"minecraft:jungle_leaves":88,"minecraft:obsidian":27,"minecraft:granite":86,"minecraft:jungle_log":12,"minecraft:deepslate_bricks":4,"minecraft:coal_block":4,"minecraft:deepslate_tile_stairs":2,"minecraft:chiseled_tuff_bricks":2,"minecraft:spawner":14,"minecraft:polished_blackstone_bricks":7,"minecraft:magma_block":9,"betternether:soul_sandstone_cut_stairs":3,"minecraft:cobbled_deepslate":1,"minecraft:fire":25,"minecraft:moss_carpet":1,"minecraft:fletching_table":4,"minecraft:deepslate_lapis_ore":3,"betternether:cincinnasite_bricks_pillar":2,"minecraft:sculk_shrieker":6,"minecraft:oak_stairs":65,"minecraft:stripped_mangrove_wood":3,"minecraft:tripwire":3,"minecraft:brown_mushroom":7,"betternether:eyeball":1,"minecraft:kelp_plant":7,"minecraft:smoker":2,"minecraft:crimson_nylium":3,"minecraft:soul_fire":33,"minecraft:deepslate_tile_slab":3,"minecraft:powder_snow":1,"minecraft:torch":32,"minecraft:blast_furnace":16,"minecraft:oxidized_copper":1,"minecraft:spruce_wall_sign":1,"minecraft:glass":3,"minecraft:sugar_cane":5,"disenchanting_table:disenchanting_table":1,"minecraft:wheat":8,"minecraft:waxed_copper_block":1,"minecraft:red_mushroom_block":45,"minecraft:deepslate":98,"minecraft:mossy_cobblestone":3,"minecraft:stripped_birch_log":2,"minecraft:nether_bricks":2,"minecraft:jungle_planks":6,"minecraft:moss_block":1,"minecraft:kelp":15,"minecraft:redstone_ore":1,"minecraft:andesite":43,"betternether:pig_statue_respawner":1,"minecraft:potatoes":456,"minecraft:vine":2,"betternether:nether_brick_tile_large":1,"minecraft:rail":4,"betternether:rubeus_planks":2,"minecraft:white_wool":2,"betternether:nether_brick_tile_stairs":1,"minecraft:smithing_table":1,"minecraft:oak_slab":29,"minecraft:glass_pane":3,"minecraft:soul_sand":50,"minecraft:brown_carpet":4,"minecraft:dandelion":1,"betternether:rubeus_bark":89,"betternether:bone_wall":5,"minecraft:short_grass":79,"minecraft:crimson_slab":3,"minecraft:tall_grass":24,"minecraft:copper_ore":43,"minecraft:deepslate_gold_ore":16,"minecraft:diorite":86,"betternether:wart_log":18,"minecraft:spruce_log":6610,"betternether:bone_tile":1,"minecraft:gravel":233,"minecraft:cobweb":1,"minecraft:gold_ore":6,"minecraft:fern":3,"minecraft:waxed_cut_copper_slab":1,"minecraft:spruce_planks":21,"minecraft:sculk_vein":5,"minecraft:brewing_stand":1,"minecraft:spruce_trapdoor":2,"minecraft:grass_block":116,"minecraft:cracked_polished_blackstone_bricks":1,"minecraft:soul_soil":67,"minecraft:composter":3,"minecraft:tuff_bricks":17,"betternether:cincinnasite_ore":6,"betternether:soul_sandstone_chiseled":2,"minecraft:sculk_catalyst":16,"minecraft:iron_ore":82,"minecraft:polished_tuff":1,"betternether:basalt_bricks":255,"betternether:wart_bark":2,"minecraft:anvil":2,"minecraft:iron_bars":2,"minecraft:spruce_slab":15,"minecraft:green_bed":1,"minecraft:netherite_block":1,"minecraft:deepslate_redstone_ore":45,"betternether:golden_vine":1,"minecraft:blackstone":1,"minecraft:chest":5,"minecraft:mushroom_stem":15,"betternether:cincinnasite_forged":5,"minecraft:nether_quartz_ore":150,"minecraft:cobblestone":353,"betternether:basalt_bricks_stairs":1,"minecraft:grindstone":2,"minecraft:oak_planks":58,"betternether:nether_ruby_ore":1,"minecraft:wall_torch":36,"betternether:soul_sandstone":8,"minecraft:seagrass":1,"minecraft:powered_rail":3,"betternether:swampland_grass":3,"minecraft:birch_log":9,"minecraft:waxed_oxidized_cut_copper_stairs":1,"minecraft:oak_log":68,"minecraft:waxed_oxidized_copper":1,"minecraft:sand":37,"minecraft:dirt":234,"minecraft:crimson_planks":1,"minecraft:dispenser":1,"minecraft:netherrack":489,"minecraft:ancient_debris":2,"minecraft:oak_leaves":19,"minecraft:nether_gold_ore":2,"minecraft:tuff":72,"minecraft:quartz_stairs":6,"minecraft:deepslate_diamond_ore":5,"minecraft:oak_door":1,"minecraft:decorated_pot":11,"minecraft:spruce_leaves":148,"minecraft:crimson_stem":15,"minecraft:large_fern":3,"minecraft:hay_block":39,"minecraft:oak_trapdoor":1,"minecraft:spruce_sapling":4,"minecraft:furnace":2,"minecraft:carrots":5,"minecraft:polished_basalt":3,"minecraft:stripped_spruce_log":3,"minecraft:gold_block":3,"minecraft:bell":1,"betternether:wall_moss":1,"minecraft:bookshelf":47,"minecraft:deepslate_iron_ore":50,"minecraft:stripped_oak_log":40,"betternether:nether_lapis_ore":1,"minecraft:blue_glazed_terracotta":2,"minecraft:stone":3780,"minecraft:basalt":471,"minecraft:crafting_table":1,"minecraft:sculk_sensor":1,"minecraft:lectern":467,"minecraft:deepslate_coal_ore":1,"minecraft:lapis_ore":3,"minecraft:sculk":15,"minecraft:spruce_stairs":3,"minecraft:gray_wool":40,"minecraft:birch_planks":3,"minecraft:yellow_bed":1,"minecraft:coal_ore":70,"minecraft:gray_carpet":1,"minecraft:crimson_hyphae":3,"betternether:cincinnasite_pillar":2},"minecraft:dropped":{"minecraft:crimson_stem":65,"minecraft:iron_sword":4,"betternether:wall_mushroom_red":31,"minecraft:stripped_mangrove_wood":3,"minecraft:glass_bottle":7,"minecraft:weeping_vines":20,"minecraft:cookie":324,"betternether:black_bush":6,"betternether:bone_grass":9,"minecraft:dirt":304,"minecraft:jungle_sapling":1,"minecraft:gold_nugget":272,"minecraft:writable_book":3,"betternether:soul_sandstone_chiseled":2,"minecraft:bone":254,"minecraft:waxed_cut_copper_slab":1,"minecraft:stone_axe":10,"minecraft:sugar_cane":13,"minecraft:golden_chestplate":2,"minecraft:cobbled_deepslate":59,"minecraft:nether_brick":8,"minecraft:wheat":14,"minecraft:rotten_flesh":548,"betternether:eye_seed":2,"minecraft:oak_planks":14,"minecraft:glowstone_dust":4,"minecraft:white_bed":1,"betternether:basalt_bricks_stairs":1,"minecraft:breeze_rod":1,"minecraft:painting":1,"minecraft:spruce_slab":8,"minecraft:glass":1,"minecraft:egg":1,"minecraft:wheat_seeds":55,"minecraft:sculk_shrieker":6,"minecraft:waxed_oxidized_cut_copper_stairs":1,"minecraft:cobblestone":4795,"minecraft:iron_helmet":46,"minecraft:granite":104,"minecraft:deepslate_tile_slab":3,"minecraft:coal":8,"minecraft:chainmail_helmet":49,"justhammers:netherite_destructor_hammer":1,"betternether:bone_block":2,"minecraft:oxeye_daisy":2,"minecraft:gray_wool":3,"minecraft:potion":4,"minecraft:stripped_birch_log":1,"minecraft:oak_stairs":38,"minecraft:chainmail_leggings":59,"minecraft:iron_shovel":3,"minecraft:string":8,"minecraft:gray_carpet":2,"minecraft:oxidized_copper":1,"minecraft:spruce_sapling":100,"minecraft:moss_carpet":1,"minecraft:soul_soil":404,"minecraft:bowl":4,"minecraft:diamond_hoe":10,"minecraft:iron_boots":42,"betternether:cincinnasite":164,"minecraft:nether_bricks":63,"minecraft:suspicious_stew":5,"minecraft:potato":2032,"minecraft:shroomlight":6,"minecraft:sea_pickle":12,"minecraft:crimson_slab":6,"minecraft:spruce_trapdoor":1,"minecraft:spruce_planks":5,"minecraft:diamond_pickaxe":1,"minecraft:yellow_bed":1,"betternether:bone_wall":5,"betternether:rubeus_planks":4,"minecraft:bow":18,"minecraft:bell":1,"minecraft:crimson_hyphae":61,"minecraft:magma_block":291,"minecraft:spruce_sign":1,"minecraft:soul_sand":80,"minecraft:moss_block":1,"minecraft:diamond_axe":2,"betternether:soul_sandstone_cut_stairs":3,"betternether:nether_ruby":15,"minecraft:flint":36,"minecraft:deepslate_tile_stairs":2,"minecraft:cracked_polished_blackstone_bricks":1,"minecraft:crimson_roots":3,"betternether:wall_mushroom_brown":8,"minecraft:pumpkin_pie":48,"minecraft:polished_blackstone_bricks":3,"betternether:soul_sandstone":16,"minecraft:birch_log":2,"betternether:wall_moss":25,"minecraft:gravel":453,"minecraft:crimson_fungus":2,"minecraft:blackstone":108,"betternether:jungle_moss":2,"betternether:jungle_plant":5,"betternether:netherrack_stalactite":5,"minecraft:carrot":22,"minecraft:chainmail_chestplate":7,"minecraft:gunpowder":35,"minecraft:chainmail_boots":12,"betternether:soul_vein":5,"minecraft:basalt":64,"minecraft:arrow":359,"minecraft:quartz":30,"minecraft:netherrack":14892,"minecraft:bread":13,"minecraft:stripped_spruce_log":3,"minecraft:oak_slab":25,"minecraft:lilac":6,"minecraft:poisonous_potato":38,"minecraft:stick":86,"minecraft:diorite":6,"minecraft:torch":3,"minecraft:nether_wart_block":240,"minecraft:fire_charge":4,"minecraft:iron_leggings":1,"minecraft:iron_axe":2,"betternether:wart_seed":16,"minecraft:dandelion":6,"minecraft:nether_brick_slab":8,"betternether:basalt_bricks":65,"minecraft:oak_trapdoor":4,"betternether:soul_grass":1,"minecraft:raw_copper":218,"minecraft:tuff":72,"minecraft:raw_iron":14,"minecraft:sculk_sensor":3,"minecraft:flint_and_steel":1,"betternether:lapis_pile":64,"minecraft:deepslate_bricks":3,"betternether:swamp_grass":8,"minecraft:shield":17,"minecraft:iron_chestplate":2,"minecraft:andesite":60,"minecraft:cake":4,"minecraft:oak_sapling":1,"betternether:lumabus_seed":1,"minecraft:slime_ball":3,"minecraft:spruce_log":1,"minecraft:magma_cream":2,"minecraft:brick":8},"minecraft:picked_up":{"minecraft:iron_chestplate":2,"minecraft:anvil":2,"minecraft:smithing_table":1,"minecraft:diamond_sword":2,"minecraft:oak_stairs":54,"betternether:lumabus_seed":1,"betternether:eye_seed":2,"minecraft:brewing_stand":1,"minecraft:soul_soil":406,"minecraft:string":25,"minecraft:shroomlight":6,"minecraft:sculk_shrieker":6,"minecraft:gold_nugget":251,"minecraft:cobbled_deepslate":107,"minecraft:spruce_planks":158,"minecraft:trial_key":4,"minecraft:coal_block":4,"artifacts:universal_attractor":1,"minecraft:composter":3,"minecraft:green_bed":1,"betternether:bone_wall":5,"betternether:basalt_bricks_stairs":1,"minecraft:deepslate_tile_stairs":2,"betternether:cincinnasite":179,"minecraft:golden_chestplate":2,"minecraft:brown_carpet":4,"minecraft:blue_glazed_terracotta":2,"minecraft:polished_basalt":3,"minecraft:blaze_rod":2,"minecraft:iron_bars":2,"minecraft:birch_log":23,"minecraft:magma_block":285,"minecraft:oxidized_copper":1,"minecraft:cooked_beef":5,"betternether:jungle_moss":2,"minecraft:water_bucket":2,"minecraft:jungle_log":12,"minecraft:smoker":6,"disenchanting_table:disenchanting_table":1,"minecraft:flint":64,"artifacts:flippers":1,"minecraft:glowstone_dust":4,"minecraft:moss_block":1,"betternether:wall_moss":25,"minecraft:stripped_spruce_log":4,"minecraft:netherite_block":1,"minecraft:dispenser":1,"minecraft:writable_book":3,"minecraft:granite":227,"minecraft:chainmail_helmet":17,"minecraft:bread":174,"minecraft:music_disc_precipice":1,"minecraft:crimson_roots":3,"minecraft:diamond_pickaxe":3,"minecraft:crafting_table":1,"minecraft:ominous_bottle":2,"minecraft:wind_charge":1,"artifacts:power_glove":1,"minecraft:iron_shovel":1,"minecraft:beef":34,"betternether:netherrack_stalactite":5,"minecraft:quartz_stairs":6,"minecraft:jungle_sapling":1,"minecraft:spruce_slab":24,"minecraft:minecart":1,"minecraft:guster_pottery_sherd":1,"minecraft:chest":4,"minecraft:waxed_oxidized_copper":1,"minecraft:egg":5,"minecraft:oak_door":1,"betternether:soul_sandstone":16,"travelersbackpack:cactus":1,"minecraft:fire_charge":8,"betternether:nether_ruby":15,"minecraft:carrot":28,"minecraft:redstone":209,"minecraft:deepslate_bricks":4,"minecraft:waxed_oxidized_cut_copper_stairs":1,"minecraft:hay_block":39,"minecraft:gold_ingot":40,"minecraft:tuff_bricks":17,"minecraft:mutton":3,"minecraft:crimson_slab":3,"minecraft:white_wool":5,"minecraft:rail":4,"minecraft:oxeye_daisy":2,"minecraft:stripped_oak_log":40,"minecraft:red_mushroom":11,"betternether:wart_log":35,"minecraft:oak_log":73,"minecraft:ancient_debris":2,"betternether:basalt_bricks":588,"minecraft:sculk_vein":1,"betternether:soul_sandstone_cut_stairs":3,"minecraft:kelp":94,"minecraft:glass_bottle":4,"minecraft:iron_sword":4,"betternether:black_bush":6,"betternether:soul_grass":1,"minecraft:sculk":14,"betternether:bone_tile":1,"minecraft:gravel":632,"minecraft:spruce_sapling":737,"minecraft:spruce_log":6613,"betternether:cincinnasite_forged":5,"minecraft:polished_tuff":1,"minecraft:leather_helmet":1,"minecraft:slime_ball":148,"minecraft:diamond_axe":2,"minecraft:painting":2,"minecraft:gray_wool":40,"minecraft:baked_potato":80,"minecraft:ender_pearl":4,"minecraft:wheat":7,"betternether:pig_statue_respawner":1,"minecraft:potion":6,"minecraft:nether_brick":16,"betternether:bone_block":2,"minecraft:crimson_planks":1,"minecraft:waxed_cut_copper_slab":1,"minecraft:raw_copper":374,"minecraft:iron_leggings":2,"minecraft:sea_pickle":12,"minecraft:furnace":4,"minecraft:iron_boots":22,"minecraft:tipped_arrow":42,"minecraft:stick":540,"minecraft:torch":106,"minecraft:spruce_stairs":3,"minecraft:porkchop":16,"minecraft:diorite":80,"betternether:lapis_pile":64,"minecraft:rotten_flesh":633,"minecraft:obsidian":27,"minecraft:cobblestone":7750,"minecraft:crimson_hyphae":61,"minecraft:lilac":6,"minecraft:magma_cream":5,"minecraft:andesite":87,"minecraft:potato":2505,"minecraft:tuff":72,"betternether:wart_seed":16,"minecraft:wither_skeleton_skull":6,"minecraft:dirt":627,"minecraft:lapis_lazuli":40,"minecraft:stripped_birch_log":3,"minecraft:glass":1,"minecraft:bone":631,"minecraft:bow":28,"minecraft:wheat_seeds":76,"minecraft:raw_gold":22,"minecraft:bell":3,"minecraft:grindstone":2,"minecraft:fletching_table":4,"minecraft:powered_rail":3,"minecraft:oak_planks":67,"minecraft:poisonous_potato":38,"minecraft:sand":37,"minecraft:jungle_planks":5,"betternether:wart_bark":2,"minecraft:spectral_arrow":20,"minecraft:diamond":5,"betternether:cincinnasite_pillar":2,"minecraft:cracked_polished_blackstone_bricks":1,"minecraft:breeze_rod":18,"minecraft:spruce_sign":2,"minecraft:emerald":33,"minecraft:oak_sapling":2,"minecraft:netherrack":12356,"minecraft:brown_mushroom":7,"minecraft:gold_block":3,"minecraft:brick":23,"minecraft:shield":2,"betternether:bone_grass":9,"minecraft:oak_trapdoor":1,"minecraft:moss_carpet":1,"minecraft:iron_axe":3,"minecraft:blackstone":172,"minecraft:oak_boat":5,"justhammers:netherite_destructor_hammer":1,"minecraft:lectern":477,"minecraft:sugar_cane":13,"minecraft:spruce_trapdoor":5,"betternether:rubeus_bark":80,"minecraft:raw_iron":139,"minecraft:stripped_mangrove_wood":3,"betternether:wall_mushroom_red":31,"minecraft:bowl":2,"betternether:swamp_grass":11,"minecraft:polished_blackstone_bricks":7,"betternether:soul_sandstone_chiseled":2,"betternether:soul_vein":5,"minecraft:weeping_vines":20,"minecraft:arrow":533,"minecraft:nether_bricks":63,"minecraft:basalt":1975,"minecraft:glow_ink_sac":1,"minecraft:golden_carrot":2,"artifacts:digging_claws":1,"minecraft:crimson_stem":111,"minecraft:leather":18,"betternether:wall_mushroom_brown":8,"artifacts:anglers_hat":1,"minecraft:birch_planks":7,"minecraft:crimson_fungus":2,"minecraft:waxed_copper_block":1,"minecraft:yellow_bed":2,"minecraft:nether_wart_block":240,"minecraft:gunpowder":40,"minecraft:deepslate_tile_slab":3,"minecraft:gray_carpet":2,"minecraft:iron_ingot":45,"travelersbackpack:coal":1,"betternether:rubeus_planks":6,"minecraft:soul_sand":131,"minecraft:book":195,"minecraft:sculk_catalyst":14,"minecraft:oak_slab":41,"minecraft:quartz":345,"minecraft:dandelion":6,"minecraft:blast_furnace":16,"minecraft:white_bed":31,"minecraft:nether_brick_slab":8,"minecraft:gold_ore":6,"minecraft:spider_eye":8,"minecraft:sculk_sensor":3,"betternether:jungle_plant":5,"minecraft:chainmail_leggings":23,"minecraft:iron_helmet":4,"minecraft:chiseled_tuff_bricks":2,"minecraft:coal":200},"minecraft:used":{"justhammers:netherite_destructor_hammer":3611,"minecraft:tuff_bricks":5,"betternether:rubeus_planks":142,"minecraft:dispenser":1,"minecraft:spruce_slab":57,"minecraft:chest":17,"minecraft:quartz_stairs":118,"minecraft:soul_sand":1,"minecraft:lava_bucket":1,"minecraft:bow":30,"minecraft:ominous_bottle":2,"minecraft:furnace":7,"minecraft:oak_sapling":1,"minecraft:egg":4,"minecraft:potato":513,"minecraft:powered_rail":5,"minecraft:composter":4,"minecraft:golden_apple":6,"minecraft:sand":3,"minecraft:blast_furnace":11,"minecraft:lectern":469,"minecraft:diamond_sword":1363,"minecraft:smithing_table":2,"minecraft:oak_boat":6,"minecraft:oak_trapdoor":13,"minecraft:enchanting_table":1,"minecraft:iron_bars":2,"betternether:nether_ruby_hoe":41,"minecraft:netherrack":135,"minecraft:trial_key":4,"minecraft:torch":246,"minecraft:anvil":3,"minecraft:iron_axe":242,"minecraft:spruce_button":1,"minecraft:basalt":6,"minecraft:crimson_stem":75,"betternether:wart_planks":140,"minecraft:water_bucket":83,"minecraft:birch_planks":3,"minecraft:fletching_table":7,"minecraft:rail":9,"minecraft:crafting_table":4,"minecraft:oak_slab":54,"justhammers:diamond_hammer":2,"minecraft:white_bed":28,"minecraft:spruce_log":49,"minecraft:diamond_pickaxe":2965,"minecraft:diamond_shovel":715,"minecraft:wind_charge":10,"minecraft:suspicious_stew":2,"minecraft:spruce_trapdoor":18,"minecraft:spruce_sapling":316,"betternether:crimson_chest":2,"minecraft:cobblestone":1898,"minecraft:potion":3,"betternether:basalt_bricks":669,"minecraft:kelp":25,"minecraft:sculk_vein":1,"minecraft:diamond_hoe":244,"minecraft:shield":84,"minecraft:iron_sword":29,"minecraft:bell":1,"minecraft:jungle_planks":42,"minecraft:carrot":4,"travelersbackpack:iron":1,"betternether:flaming_ruby_sword":38,"minecraft:obsidian":26,"minecraft:glass":10,"minecraft:waxed_oxidized_copper":1,"minecraft:brown_carpet":4,"betternether:flaming_ruby_chestplate":1,"minecraft:oak_planks":109,"minecraft:diamond_axe":7548,"betternether:swamp_grass":2,"betternether:pig_statue_respawner":1,"minecraft:redstone_torch":1,"minecraft:bread":176,"minecraft:gravel":90,"minecraft:grindstone":3,"betternether:nether_ruby_helmet":1,"minecraft:andesite":1,"minecraft:flint_and_steel":3,"minecraft:spruce_planks":159,"minecraft:sculk":14,"minecraft:oak_door":1,"minecraft:dirt":137,"minecraft:spruce_fence":2,"minecraft:granite":3,"minecraft:bookshelf":28,"minecraft:oak_stairs":15,"minecraft:crimson_slab":15,"minecraft:crimson_planks":404,"minecraft:golden_carrot":39,"minecraft:soul_soil":2,"minecraft:cooked_beef":5,"minecraft:baked_potato":52,"minecraft:spruce_sign":5,"minecraft:green_bed":1,"minecraft:cobblestone_slab":6,"disenchanting_table:disenchanting_table":2,"minecraft:stone_slab":3,"betternether:crimson_crafting_table":1,"minecraft:bucket":87,"minecraft:gray_wool":37,"minecraft:splash_potion":1},"minecraft:killed_by":{"minecraft:piglin_brute":3,"minecraft:bogged":1,"minecraft:husk":3,"minecraft:wither_skeleton":1,"artifacts:mimic":2,"minecraft:hoglin":1},"minecraft:crafted":{"justhammers:netherite_hammer":1,"minecraft:chainmail_helmet":32,"travelersbackpack:crafting_upgrade":1,"minecraft:diamond_shovel":1,"minecraft:bookshelf":30,"justhammers:reinforced_core":1,"disenchanting_table:disenchanting_table":1,"minecraft:glass":34,"minecraft:quartz_block":75,"minecraft:diamond_helmet":1,"justhammers:netherite_destructor_hammer":1,"minecraft:emerald":1640,"minecraft:diamond_axe":1,"travelersbackpack:standard":3,"minecraft:smithing_table":1,"minecraft:fletching_table":4,"betternether:wart_planks":140,"minecraft:lectern":2,"minecraft:stone_slab":6,"minecraft:iron_block":5,"minecraft:gold_ingot":8,"minecraft:netherite_ingot":45,"minecraft:composter":1,"minecraft:golden_carrot":180,"minecraft:diamond_hoe":9,"betternether:crimson_chest":2,"minecraft:spruce_fence":3,"travelersbackpack:blank_upgrade":4,"travelersbackpack:gold_tier_upgrade":1,"travelersbackpack:white_sleeping_bag":1,"minecraft:spruce_slab":54,"betternether:basalt_bricks":844,"minecraft:diamond_boots":1,"minecraft:redstone_block":20,"minecraft:chainmail_leggings":36,"minecraft:wheat":171,"betternether:crimson_crafting_table":1,"minecraft:enchanting_table":1,"minecraft:crimson_slab":18,"minecraft:enchanted_book":27,"minecraft:chainmail_boots":12,"minecraft:iron_shovel":3,"minecraft:iron_leggings":1,"minecraft:grindstone":3,"minecraft:oak_planks":452,"minecraft:cobblestone_slab":6,"travelersbackpack:iron":2,"betternether:flaming_ruby_helmet":1,"minecraft:stone":4,"minecraft:suspicious_stew":7,"minecraft:cake":4,"minecraft:bow":4,"minecraft:iron_boots":21,"justhammers:diamond_hammer":1,"minecraft:polished_basalt":844,"minecraft:chest":15,"minecraft:quartz_stairs":132,"minecraft:oak_slab":42,"travelersbackpack:iron_tier_upgrade":1,"minecraft:crafting_table":3,"justhammers:reinforced_impact_core":1,"minecraft:spruce_planks":24719,"minecraft:iron_helmet":43,"minecraft:chainmail_chestplate":7,"minecraft:gold_block":6,"minecraft:birch_planks":28,"betternether:rubeus_planks":144,"minecraft:dispenser":1,"minecraft:apple":64,"minecraft:spruce_trapdoor":14,"minecraft:iron_chestplate":1,"minecraft:shield":18,"minecraft:netherite_block":3,"minecraft:stick":49143,"minecraft:iron_ingot":92,"minecraft:redstone_torch":1,"minecraft:cookie":324,"minecraft:coal":36,"minecraft:redstone":18,"minecraft:spruce_button":1,"minecraft:furnace":3,"minecraft:diamond_block":3,"minecraft:oak_trapdoor":16,"minecraft:flint_and_steel":1,"justhammers:destructor_core":1,"travelersbackpack:diamond_tier_upgrade":1,"minecraft:minecart":1,"minecraft:crimson_planks":516,"minecraft:spruce_sign":6,"travelersbackpack:backpack_tank":4,"minecraft:powered_rail":6,"minecraft:bucket":1,"minecraft:stone_axe":10,"minecraft:air":0,"minecraft:bread":240,"minecraft:jungle_planks":48,"minecraft:oak_boat":1,"minecraft:anvil":2,"justhammers:impact_core":1,"minecraft:pumpkin_pie":48,"minecraft:torch":192,"minecraft:diamond_chestplate":1}},"DataVersion":3955}