{"stats":{"minecraft:custom":{"minecraft:animals_bred":2,"minecraft:interact_with_crafting_table":88,"minecraft:open_barrel":56,"minecraft:bell_ring":27,"minecraft:leave_game":16,"minecraft:time_since_death":655203,"minecraft:sprint_one_cm":1305306,"minecraft:damage_blocked_by_shield":2570,"minecraft:drop":721,"minecraft:talked_to_villager":1271,"minecraft:play_time":835762,"minecraft:deaths":11,"minecraft:jump":13084,"minecraft:interact_with_brewingstand":1,"minecraft:walk_on_water_one_cm":56849,"minecraft:enchant_item":5,"minecraft:interact_with_furnace":92,"minecraft:traded_with_villager":1526,"minecraft:sleep_in_bed":49,"minecraft:damage_dealt":81995,"minecraft:crouch_one_cm":287610,"minecraft:inspect_dispenser":6,"minecraft:interact_with_smithing_table":8,"minecraft:interact_with_anvil":23,"minecraft:mob_kills":852,"minecraft:climb_one_cm":24146,"minecraft:walk_one_cm":1777373,"minecraft:sneak_time":93668,"minecraft:walk_under_water_one_cm":42461,"minecraft:interact_with_lectern":1,"minecraft:boat_one_cm":164209,"minecraft:interact_with_blast_furnace":36,"minecraft:total_world_time":850121,"minecraft:interact_with_grindstone":5,"minecraft:time_since_rest":27305,"minecraft:damage_absorbed":203,"minecraft:damage_taken":13821,"minecraft:swim_one_cm":82823,"minecraft:fly_one_cm":2419321,"minecraft:open_chest":589,"minecraft:fall_one_cm":291985},"minecraft:dropped":{"minecraft:spruce_sign":1,"minecraft:iron_sword":4,"betternether:wall_mushroom_red":3,"minecraft:soul_sand":79,"minecraft:moss_block":1,"minecraft:stripped_mangrove_wood":3,"minecraft:diamond_axe":1,"minecraft:glass_bottle":7,"minecraft:weeping_vines":4,"betternether:soul_sandstone_cut_stairs":3,"minecraft:cookie":216,"betternether:black_bush":5,"minecraft:flint":21,"betternether:bone_grass":1,"minecraft:cracked_polished_blackstone_bricks":1,"minecraft:dirt":294,"betternether:wall_mushroom_brown":8,"minecraft:jungle_sapling":1,"minecraft:gold_nugget":4,"minecraft:writable_book":3,"minecraft:pumpkin_pie":48,"minecraft:polished_blackstone_bricks":3,"minecraft:birch_log":2,"betternether:soul_sandstone":16,"betternether:soul_sandstone_chiseled":2,"betternether:wall_moss":9,"minecraft:bone":251,"minecraft:blackstone":108,"minecraft:waxed_cut_copper_slab":1,"minecraft:gravel":303,"minecraft:stone_axe":10,"minecraft:sugar_cane":13,"betternether:jungle_moss":2,"minecraft:golden_chestplate":2,"minecraft:cobbled_deepslate":56,"minecraft:nether_brick":8,"minecraft:wheat":14,"betternether:jungle_plant":5,"minecraft:rotten_flesh":527,"betternether:eye_seed":2,"minecraft:oak_planks":14,"minecraft:white_bed":1,"minecraft:carrot":22,"betternether:basalt_bricks_stairs":1,"minecraft:chainmail_chestplate":7,"minecraft:gunpowder":28,"minecraft:chainmail_boots":12,"minecraft:breeze_rod":1,"minecraft:painting":1,"minecraft:spruce_slab":4,"betternether:soul_vein":3,"minecraft:basalt":64,"minecraft:arrow":358,"minecraft:glass":1,"minecraft:netherrack":82,"minecraft:egg":1,"minecraft:bread":7,"minecraft:oak_slab":25,"minecraft:stripped_spruce_log":3,"minecraft:wheat_seeds":55,"minecraft:lilac":6,"minecraft:waxed_oxidized_cut_copper_stairs":1,"minecraft:poisonous_potato":38,"minecraft:iron_helmet":46,"minecraft:cobblestone":3359,"minecraft:granite":25,"minecraft:coal":8,"minecraft:chainmail_helmet":49,"minecraft:stick":43,"minecraft:oxeye_daisy":2,"minecraft:diorite":6,"minecraft:torch":3,"minecraft:fire_charge":4,"minecraft:potion":1,"minecraft:iron_leggings":1,"minecraft:stripped_birch_log":1,"minecraft:oak_stairs":38,"minecraft:iron_axe":2,"betternether:wart_seed":7,"minecraft:iron_shovel":3,"minecraft:chainmail_leggings":59,"minecraft:string":8,"minecraft:oxidized_copper":1,"minecraft:spruce_sapling":36,"minecraft:dandelion":6,"minecraft:moss_carpet":1,"minecraft:soul_soil":396,"minecraft:oak_trapdoor":4,"betternether:soul_grass":1,"minecraft:raw_copper":218,"minecraft:tuff":72,"minecraft:diamond_hoe":10,"minecraft:raw_iron":12,"minecraft:iron_boots":42,"minecraft:flint_and_steel":1,"betternether:swamp_grass":4,"minecraft:potato":2032,"minecraft:shield":17,"minecraft:sea_pickle":12,"minecraft:spruce_trapdoor":1,"minecraft:spruce_planks":5,"minecraft:diamond_pickaxe":1,"minecraft:iron_chestplate":2,"minecraft:andesite":2,"minecraft:cake":4,"minecraft:yellow_bed":1,"betternether:bone_wall":5,"minecraft:oak_sapling":1,"minecraft:spruce_log":1,"minecraft:slime_ball":3,"minecraft:bow":18,"minecraft:magma_block":7,"minecraft:bell":1,"minecraft:brick":8},"minecraft:used":{"justhammers:netherite_destructor_hammer":2204,"minecraft:tuff_bricks":5,"betternether:rubeus_planks":140,"minecraft:spruce_slab":55,"minecraft:dispenser":1,"minecraft:diamond_hoe":244,"minecraft:chest":16,"minecraft:shield":84,"minecraft:iron_sword":29,"minecraft:bell":1,"minecraft:soul_sand":1,"minecraft:jungle_planks":42,"minecraft:carrot":4,"travelersbackpack:iron":1,"minecraft:obsidian":26,"minecraft:glass":10,"minecraft:waxed_oxidized_copper":1,"minecraft:lava_bucket":1,"minecraft:brown_carpet":4,"minecraft:bow":30,"minecraft:ominous_bottle":2,"minecraft:oak_sapling":1,"minecraft:furnace":7,"minecraft:egg":4,"minecraft:potato":513,"betternether:flaming_ruby_chestplate":1,"minecraft:powered_rail":5,"minecraft:oak_planks":109,"minecraft:composter":3,"minecraft:diamond_axe":5543,"minecraft:golden_apple":5,"betternether:swamp_grass":1,"minecraft:sand":3,"minecraft:blast_furnace":11,"betternether:pig_statue_respawner":1,"minecraft:redstone_torch":1,"minecraft:bread":175,"minecraft:lectern":447,"minecraft:gravel":90,"minecraft:diamond_sword":1360,"minecraft:grindstone":3,"minecraft:smithing_table":2,"minecraft:oak_boat":6,"minecraft:oak_trapdoor":13,"minecraft:iron_bars":2,"minecraft:enchanting_table":1,"minecraft:flint_and_steel":3,"minecraft:spruce_planks":159,"minecraft:netherrack":26,"minecraft:trial_key":4,"minecraft:oak_door":1,"minecraft:torch":191,"minecraft:dirt":137,"minecraft:anvil":3,"minecraft:granite":1,"minecraft:spruce_fence":2,"minecraft:bookshelf":26,"minecraft:iron_axe":242,"minecraft:oak_stairs":15,"minecraft:spruce_button":1,"minecraft:basalt":6,"minecraft:golden_carrot":25,"minecraft:cooked_beef":5,"betternether:wart_planks":140,"minecraft:water_bucket":83,"minecraft:birch_planks":3,"minecraft:baked_potato":52,"minecraft:spruce_sign":5,"minecraft:fletching_table":7,"minecraft:green_bed":1,"minecraft:cobblestone_slab":6,"minecraft:rail":9,"minecraft:oak_slab":54,"justhammers:diamond_hammer":2,"minecraft:crafting_table":3,"minecraft:white_bed":28,"disenchanting_table:disenchanting_table":2,"minecraft:spruce_log":20,"minecraft:diamond_pickaxe":2543,"minecraft:diamond_shovel":702,"minecraft:wind_charge":10,"minecraft:spruce_trapdoor":18,"minecraft:stone_slab":3,"minecraft:spruce_sapling":220,"minecraft:potion":3,"minecraft:cobblestone":1647,"betternether:basalt_bricks":648,"minecraft:bucket":87,"minecraft:kelp":25,"minecraft:splash_potion":1},"minecraft:killed_by":{"minecraft:wither_skeleton":1,"minecraft:piglin_brute":3,"minecraft:bogged":1,"artifacts:mimic":2,"minecraft:husk":3,"minecraft:hoglin":1},"minecraft:picked_up":{"minecraft:iron_chestplate":2,"minecraft:wheat":7,"minecraft:anvil":2,"minecraft:smithing_table":1,"betternether:pig_statue_respawner":1,"minecraft:diamond_sword":2,"minecraft:oak_stairs":54,"betternether:eye_seed":2,"minecraft:potion":6,"minecraft:nether_brick":16,"minecraft:brewing_stand":1,"minecraft:string":25,"minecraft:waxed_cut_copper_slab":1,"minecraft:soul_soil":396,"minecraft:raw_copper":328,"minecraft:iron_leggings":2,"minecraft:sea_pickle":12,"minecraft:gold_nugget":4,"minecraft:cobbled_deepslate":101,"minecraft:spruce_planks":84,"minecraft:trial_key":4,"minecraft:coal_block":4,"minecraft:iron_boots":22,"minecraft:furnace":4,"artifacts:universal_attractor":1,"minecraft:tipped_arrow":42,"minecraft:stick":358,"minecraft:composter":3,"minecraft:torch":85,"betternether:bone_wall":5,"minecraft:green_bed":1,"minecraft:spruce_stairs":3,"betternether:basalt_bricks_stairs":1,"minecraft:porkchop":16,"minecraft:diorite":80,"betternether:cincinnasite":15,"minecraft:golden_chestplate":2,"minecraft:brown_carpet":4,"minecraft:rotten_flesh":592,"minecraft:blue_glazed_terracotta":2,"minecraft:polished_basalt":3,"minecraft:blaze_rod":2,"minecraft:obsidian":27,"minecraft:iron_bars":2,"minecraft:cobblestone":5613,"minecraft:birch_log":23,"minecraft:magma_block":7,"minecraft:andesite":2,"minecraft:oxidized_copper":1,"minecraft:lilac":6,"minecraft:cooked_beef":5,"minecraft:magma_cream":3,"minecraft:water_bucket":2,"betternether:jungle_moss":2,"minecraft:jungle_log":12,"disenchanting_table:disenchanting_table":1,"minecraft:smoker":6,"minecraft:potato":2505,"minecraft:flint":49,"minecraft:tuff":72,"betternether:wart_seed":7,"minecraft:wither_skeleton_skull":6,"minecraft:lapis_lazuli":40,"minecraft:dirt":617,"minecraft:stripped_birch_log":3,"artifacts:flippers":1,"minecraft:glass":1,"minecraft:bone":608,"minecraft:bow":27,"minecraft:wheat_seeds":76,"minecraft:raw_gold":22,"minecraft:bell":3,"minecraft:grindstone":2,"minecraft:fletching_table":4,"minecraft:powered_rail":3,"minecraft:moss_block":1,"minecraft:oak_planks":67,"betternether:wall_moss":9,"minecraft:poisonous_potato":38,"minecraft:sand":37,"minecraft:jungle_planks":5,"minecraft:stripped_spruce_log":4,"betternether:wart_bark":2,"minecraft:spectral_arrow":20,"minecraft:netherite_block":1,"minecraft:dispenser":1,"minecraft:diamond":3,"minecraft:writable_book":3,"betternether:cincinnasite_pillar":2,"minecraft:cracked_polished_blackstone_bricks":1,"minecraft:breeze_rod":18,"minecraft:granite":111,"minecraft:spruce_sign":2,"minecraft:bread":174,"minecraft:chainmail_helmet":17,"minecraft:emerald":33,"minecraft:music_disc_precipice":1,"minecraft:oak_sapling":2,"minecraft:netherrack":110,"minecraft:diamond_pickaxe":3,"minecraft:crafting_table":1,"minecraft:ominous_bottle":2,"minecraft:brown_mushroom":7,"minecraft:gold_block":3,"minecraft:shield":2,"minecraft:brick":23,"minecraft:wind_charge":1,"betternether:bone_grass":1,"minecraft:oak_trapdoor":1,"minecraft:moss_carpet":1,"minecraft:iron_axe":3,"artifacts:power_glove":1,"minecraft:iron_shovel":1,"minecraft:blackstone":172,"minecraft:beef":34,"minecraft:oak_boat":5,"minecraft:guster_pottery_sherd":1,"minecraft:jungle_sapling":1,"minecraft:spruce_slab":18,"minecraft:lectern":455,"minecraft:minecart":1,"minecraft:sugar_cane":13,"minecraft:chest":4,"minecraft:egg":5,"minecraft:spruce_trapdoor":5,"minecraft:waxed_oxidized_copper":1,"betternether:rubeus_bark":80,"minecraft:raw_iron":137,"minecraft:stripped_mangrove_wood":3,"minecraft:oak_door":1,"betternether:wall_mushroom_red":3,"betternether:soul_sandstone":16,"betternether:swamp_grass":6,"travelersbackpack:cactus":1,"minecraft:fire_charge":8,"minecraft:polished_blackstone_bricks":7,"minecraft:carrot":28,"minecraft:redstone":136,"betternether:soul_sandstone_chiseled":2,"betternether:soul_vein":3,"minecraft:arrow":507,"minecraft:weeping_vines":4,"minecraft:hay_block":39,"minecraft:waxed_oxidized_cut_copper_stairs":1,"minecraft:gold_ingot":40,"minecraft:tuff_bricks":17,"minecraft:mutton":3,"minecraft:white_wool":5,"minecraft:rail":4,"minecraft:oxeye_daisy":2,"minecraft:stripped_oak_log":40,"minecraft:basalt":1975,"minecraft:golden_carrot":2,"artifacts:digging_claws":1,"minecraft:glow_ink_sac":1,"minecraft:leather":18,"minecraft:birch_planks":7,"betternether:wall_mushroom_brown":8,"minecraft:red_mushroom":11,"artifacts:anglers_hat":1,"betternether:wart_log":35,"minecraft:oak_log":73,"minecraft:waxed_copper_block":1,"minecraft:ancient_debris":2,"minecraft:yellow_bed":2,"minecraft:gunpowder":33,"betternether:basalt_bricks":233,"minecraft:kelp":94,"betternether:soul_sandstone_cut_stairs":3,"minecraft:iron_ingot":45,"travelersbackpack:coal":1,"minecraft:glass_bottle":4,"minecraft:iron_sword":4,"minecraft:soul_sand":130,"minecraft:book":189,"minecraft:oak_slab":41,"betternether:black_bush":5,"betternether:soul_grass":1,"minecraft:quartz":15,"minecraft:dandelion":6,"betternether:bone_tile":1,"minecraft:gravel":477,"minecraft:spruce_sapling":481,"minecraft:blast_furnace":16,"minecraft:white_bed":31,"minecraft:spruce_log":4686,"minecraft:gold_ore":6,"betternether:cincinnasite_forged":5,"minecraft:spider_eye":8,"minecraft:polished_tuff":1,"minecraft:leather_helmet":1,"minecraft:slime_ball":148,"betternether:jungle_plant":5,"minecraft:chainmail_leggings":23,"minecraft:iron_helmet":4,"minecraft:diamond_axe":1,"minecraft:painting":2,"minecraft:baked_potato":80,"minecraft:coal":184,"minecraft:chiseled_tuff_bricks":2},"minecraft:broken":{"minecraft:iron_boots":1,"minecraft:iron_chestplate":1,"minecraft:iron_leggings":1,"minecraft:shield":1,"minecraft:iron_helmet":1},"minecraft:crafted":{"minecraft:grindstone":3,"justhammers:netherite_hammer":1,"minecraft:oak_planks":452,"minecraft:chainmail_helmet":32,"minecraft:cobblestone_slab":6,"travelersbackpack:iron":2,"travelersbackpack:crafting_upgrade":1,"minecraft:stone":4,"minecraft:diamond_shovel":1,"minecraft:bookshelf":28,"justhammers:reinforced_core":1,"disenchanting_table:disenchanting_table":1,"minecraft:cake":4,"minecraft:glass":34,"minecraft:diamond_helmet":1,"minecraft:bow":4,"minecraft:iron_boots":21,"justhammers:diamond_hammer":1,"minecraft:polished_basalt":844,"minecraft:chest":14,"minecraft:oak_slab":42,"justhammers:netherite_destructor_hammer":1,"travelersbackpack:iron_tier_upgrade":1,"minecraft:emerald":1245,"minecraft:diamond_axe":1,"minecraft:crafting_table":2,"justhammers:reinforced_impact_core":1,"minecraft:spruce_planks":18663,"travelersbackpack:standard":3,"minecraft:iron_helmet":43,"minecraft:chainmail_chestplate":7,"minecraft:smithing_table":1,"minecraft:fletching_table":4,"minecraft:gold_block":6,"minecraft:birch_planks":28,"betternether:wart_planks":140,"betternether:rubeus_planks":140,"minecraft:dispenser":1,"minecraft:spruce_trapdoor":14,"minecraft:lectern":2,"minecraft:iron_chestplate":1,"minecraft:shield":18,"minecraft:netherite_block":3,"minecraft:stick":37072,"minecraft:stone_slab":6,"minecraft:iron_ingot":92,"minecraft:iron_block":5,"minecraft:gold_ingot":8,"minecraft:redstone_torch":1,"minecraft:netherite_ingot":45,"minecraft:composter":1,"minecraft:golden_carrot":36,"minecraft:cookie":216,"minecraft:redstone":18,"minecraft:coal":36,"minecraft:diamond_hoe":9,"minecraft:spruce_button":1,"minecraft:furnace":3,"minecraft:spruce_fence":3,"travelersbackpack:blank_upgrade":4,"travelersbackpack:gold_tier_upgrade":1,"minecraft:oak_trapdoor":16,"minecraft:diamond_block":3,"minecraft:flint_and_steel":1,"justhammers:destructor_core":1,"travelersbackpack:white_sleeping_bag":1,"minecraft:spruce_slab":54,"betternether:basalt_bricks":844,"minecraft:diamond_boots":1,"minecraft:redstone_block":20,"minecraft:chainmail_leggings":36,"travelersbackpack:diamond_tier_upgrade":1,"minecraft:minecart":1,"minecraft:wheat":171,"minecraft:spruce_sign":6,"minecraft:enchanting_table":1,"travelersbackpack:backpack_tank":4,"minecraft:powered_rail":6,"minecraft:bucket":1,"minecraft:stone_axe":10,"minecraft:enchanted_book":22,"minecraft:air":0,"minecraft:bread":144,"minecraft:jungle_planks":48,"minecraft:oak_boat":1,"minecraft:chainmail_boots":12,"minecraft:iron_shovel":3,"minecraft:iron_leggings":1,"minecraft:anvil":2,"justhammers:impact_core":1,"minecraft:pumpkin_pie":48,"minecraft:torch":160,"minecraft:diamond_chestplate":1},"minecraft:killed":{"betternether:skull":5,"minecraft:spider":8,"minecraft:skeleton":193,"minecraft:piglin_brute":16,"artifacts:mimic":5,"minecraft:magma_cube":10,"minecraft:piglin":14,"minecraft:zombie_villager":1,"minecraft:creeper":5,"minecraft:sheep":3,"minecraft:zombie":209,"minecraft:blaze":3,"minecraft:cow":17,"minecraft:bogged":53,"minecraft:slime":178,"minecraft:zoglin":2,"minecraft:drowned":1,"minecraft:husk":42,"minecraft:hoglin":6,"minecraft:breeze":14,"minecraft:wither_skeleton":57,"minecraft:villager":4},"minecraft:mined":{"minecraft:waxed_cut_copper_slab":1,"minecraft:spruce_planks":21,"minecraft:white_bed":28,"betternether:cincinnasite_pedestal":1,"betternether:wart_roots":17,"minecraft:sculk_vein":1,"minecraft:jungle_leaves":88,"minecraft:brewing_stand":1,"minecraft:spruce_trapdoor":2,"minecraft:obsidian":27,"minecraft:granite":32,"minecraft:grass_block":116,"minecraft:jungle_log":12,"minecraft:cracked_polished_blackstone_bricks":1,"minecraft:coal_block":4,"minecraft:soul_soil":56,"minecraft:chiseled_tuff_bricks":2,"minecraft:composter":3,"minecraft:tuff_bricks":17,"betternether:cincinnasite_ore":6,"minecraft:spawner":13,"minecraft:polished_blackstone_bricks":7,"minecraft:magma_block":4,"betternether:soul_sandstone_chiseled":2,"minecraft:sculk_catalyst":1,"betternether:soul_sandstone_cut_stairs":3,"minecraft:iron_ore":80,"minecraft:fire":25,"minecraft:cobbled_deepslate":1,"minecraft:polished_tuff":1,"minecraft:anvil":2,"betternether:cincinnasite_bricks_pillar":2,"betternether:basalt_bricks":228,"minecraft:moss_carpet":1,"betternether:wart_bark":2,"minecraft:deepslate_lapis_ore":3,"minecraft:fletching_table":4,"minecraft:sculk_shrieker":1,"minecraft:iron_bars":2,"minecraft:oak_stairs":65,"minecraft:stripped_mangrove_wood":3,"minecraft:green_bed":1,"minecraft:spruce_slab":11,"minecraft:tripwire":3,"minecraft:netherite_block":1,"minecraft:deepslate_redstone_ore":29,"minecraft:brown_mushroom":7,"betternether:eyeball":1,"minecraft:blackstone":1,"minecraft:kelp_plant":7,"minecraft:smoker":2,"minecraft:soul_fire":33,"minecraft:powder_snow":1,"minecraft:torch":30,"minecraft:blast_furnace":16,"minecraft:oxidized_copper":1,"minecraft:chest":5,"betternether:cincinnasite_forged":5,"minecraft:mushroom_stem":15,"minecraft:spruce_wall_sign":1,"minecraft:glass":3,"minecraft:nether_quartz_ore":15,"minecraft:cobblestone":290,"betternether:basalt_bricks_stairs":1,"minecraft:oak_planks":58,"minecraft:sugar_cane":5,"minecraft:grindstone":2,"minecraft:wall_torch":33,"disenchanting_table:disenchanting_table":1,"betternether:soul_sandstone":8,"minecraft:seagrass":1,"minecraft:powered_rail":3,"betternether:swampland_grass":2,"minecraft:birch_log":9,"minecraft:waxed_oxidized_cut_copper_stairs":1,"minecraft:wheat":8,"minecraft:waxed_copper_block":1,"minecraft:oak_log":68,"minecraft:waxed_oxidized_copper":1,"minecraft:sand":37,"minecraft:dirt":234,"minecraft:dispenser":1,"minecraft:red_mushroom_block":45,"minecraft:ancient_debris":2,"minecraft:netherrack":76,"minecraft:oak_leaves":19,"minecraft:deepslate":93,"minecraft:nether_gold_ore":1,"minecraft:tuff":72,"minecraft:mossy_cobblestone":3,"minecraft:deepslate_diamond_ore":3,"minecraft:oak_door":1,"minecraft:stripped_birch_log":2,"minecraft:decorated_pot":11,"minecraft:jungle_planks":6,"minecraft:kelp":15,"minecraft:spruce_leaves":145,"minecraft:moss_block":1,"minecraft:large_fern":3,"minecraft:hay_block":39,"minecraft:redstone_ore":1,"minecraft:oak_trapdoor":1,"minecraft:spruce_sapling":4,"minecraft:furnace":2,"minecraft:carrots":5,"minecraft:polished_basalt":3,"minecraft:stripped_spruce_log":3,"minecraft:gold_block":3,"minecraft:bell":1,"betternether:pig_statue_respawner":1,"betternether:wall_moss":1,"minecraft:bookshelf":45,"minecraft:potatoes":456,"minecraft:deepslate_iron_ore":50,"minecraft:vine":2,"betternether:nether_brick_tile_large":1,"minecraft:rail":4,"minecraft:stripped_oak_log":40,"minecraft:blue_glazed_terracotta":2,"minecraft:stone":2832,"minecraft:white_wool":2,"betternether:nether_brick_tile_stairs":1,"minecraft:smithing_table":1,"minecraft:oak_slab":29,"minecraft:glass_pane":3,"minecraft:soul_sand":49,"minecraft:brown_carpet":4,"minecraft:basalt":471,"minecraft:dandelion":1,"betternether:rubeus_bark":89,"minecraft:crafting_table":1,"betternether:bone_wall":5,"minecraft:short_grass":79,"minecraft:lectern":445,"minecraft:copper_ore":34,"minecraft:tall_grass":24,"minecraft:deepslate_coal_ore":1,"minecraft:lapis_ore":3,"minecraft:deepslate_gold_ore":16,"minecraft:sculk":1,"minecraft:diorite":86,"minecraft:spruce_stairs":3,"minecraft:birch_planks":3,"betternether:wart_log":18,"minecraft:spruce_log":4681,"minecraft:yellow_bed":1,"betternether:bone_tile":1,"minecraft:coal_ore":56,"minecraft:gravel":231,"minecraft:cobweb":1,"minecraft:gold_ore":6,"minecraft:crimson_hyphae":3,"betternether:cincinnasite_pillar":2,"minecraft:fern":3}},"DataVersion":3955}