{"stats":{"minecraft:custom":{"lootr:looted_stat":11,"minecraft:mob_kills":41,"minecraft:interact_with_crafting_table":8,"minecraft:damage_dealt_resisted":0,"minecraft:time_since_death":51992,"minecraft:climb_one_cm":705,"minecraft:hex":0,"minecraft:time_since_rest":51992,"minecraft:sprint_one_cm":109918,"minecraft:damage_taken":944,"minecraft:walk_one_cm":85651,"minecraft:damage_blocked_by_shield":220,"minecraft:drop":18,"minecraft:damage_dealt":7994,"minecraft:swim_one_cm":18829,"minecraft:fly_one_cm":137094,"minecraft:crouch_one_cm":9645,"minecraft:play_time":51992,"minecraft:sneak_time":3844,"minecraft:walk_under_water_one_cm":10499,"minecraft:jump":989,"minecraft:interact_with_blast_furnace":1,"minecraft:walk_on_water_one_cm":20450,"minecraft:threat":10,"minecraft:total_world_time":51992,"minecraft:fall_one_cm":20206},"minecraft:picked_up":{"minecraft:crafting_table":3,"archers:composite_longbow":1,"minecraft:leather":10,"minecraft:smoker":1,"minecraft:red_mushroom":1,"regions_unexplored:maple_planks":1,"minecraft:oak_log":8,"minecraft:dirt":6,"minecraft:string":2,"minecraft:bone":1,"minecraft:chipped_anvil":1,"minecraft:wheat_seeds":1,"simplyswords:iron_warglaive":1,"minecraft:iron_ingot":5,"minecraft:beef":14,"fishofthieves:earthworms":1,"minecraft:raw_iron":16,"minecraft:stick":4,"minecraft:sweet_berries":6,"minecraft:spruce_fence":3,"minecraft:porkchop":3,"minecraft:blast_furnace":2,"minecraft:arrow":15,"minecraft:rotten_flesh":2,"regions_unexplored:maple_sapling":4,"minecraft:hay_block":6,"minecraft:crossbow":1,"regions_unexplored:maple_log":9,"minecraft:emerald":8,"minecraft:oak_sapling":2,"minecraft:mutton":2,"minecraft:coal":83,"minecraft:white_wool":1,"minecraft:cobblestone":33},"minecraft:mined":{"regions_unexplored:maple_planks":1,"minecraft:smoker":1,"minecraft:powder_snow":5,"minecraft:crafting_table":3,"minecraft:cobbled_deepslate_slab":2,"minecraft:blast_furnace":2,"minecraft:spruce_fence":12,"minecraft:grass_block":3,"minecraft:mushroom_stem":10,"minecraft:brown_mushroom_block":4,"minecraft:tall_grass":1,"minecraft:cobblestone":6,"minecraft:spruce_stairs":2,"minecraft:hay_block":6,"minecraft:iron_ore":16,"treechop:chopped_log":2,"minecraft:grass":1,"minecraft:coal_ore":83,"minecraft:polished_deepslate_slab":3,"minecraft:dirt":4,"regions_unexplored:medium_grass":1,"minecraft:red_mushroom_block":3,"minecraft:stone":29,"minecraft:chipped_anvil":1},"minecraft:dropped":{"minecraft:wheat_seeds":1,"minecraft:oak_log":4,"minecraft:stone_sword":1,"minecraft:crossbow":1,"minecraft:cobblestone":1,"minecraft:rotten_flesh":2,"regions_unexplored:maple_sapling":4,"minecraft:saddle":1,"minecraft:spruce_fence":3,"minecraft:dirt":6,"fishofthieves:earthworms":1,"archers:composite_longbow":1,"minecraft:oak_sapling":2,"simplyswords:gold_chakram":1,"minecraft:wooden_pickaxe":1,"simplyswords:iron_warglaive":1,"spellbladenext:flaming_falchion":1,"minecraft:bone":1},"minecraft:killed":{"minecraft:pig":2,"minecraft:iron_golem":1,"minecraft:vindicator":2,"minecraft:spider":3,"minecraft:sheep":1,"minecraft:skeleton":2,"minecraft:pillager":18,"minecraft:zombie":1,"friendsandfoes:moobloom":6,"minecraft:cow":3},"minecraft:used":{"minecraft:stone_sword":60,"minecraft:stone_pickaxe":31,"minecraft:shield":17,"minecraft:wooden_pickaxe":3,"spellbladenext:arcane_blade":139,"regions_unexplored:maple_planks":15,"minecraft:torch":9,"archers:composite_longbow":4,"minecraft:crafting_table":3,"minecraft:apple":1,"minecraft:bread":25,"minecraft:iron_pickaxe":110,"minecraft:stone_axe":51,"minecraft:cobblestone":23,"minecraft:sweet_berries":3,"simplyswords:gold_chakram":22},"minecraft:crafted":{"minecraft:crafting_table":1,"regions_unexplored:maple_planks":36,"minecraft:wooden_pickaxe":1,"minecraft:stone_axe":1,"minecraft:bread":18,"minecraft:stick":8,"minecraft:iron_pickaxe":1,"minecraft:stone_pickaxe":1,"minecraft:torch":16,"minecraft:wheat":54}},"DataVersion":3465}