{"stats":{"minecraft:custom":{"minecraft:time_since_rest":15992,"lootr:looted_stat":1,"minecraft:sprint_one_cm":29887,"minecraft:damage_taken":355,"minecraft:walk_one_cm":26672,"minecraft:damage_blocked_by_shield":150,"minecraft:mob_kills":7,"minecraft:drop":2,"minecraft:damage_dealt":1557,"minecraft:swim_one_cm":1681,"minecraft:interact_with_crafting_table":3,"minecraft:fly_one_cm":35701,"minecraft:crouch_one_cm":2782,"minecraft:play_time":15992,"minecraft:sneak_time":1091,"minecraft:walk_under_water_one_cm":503,"minecraft:damage_dealt_resisted":0,"minecraft:jump":248,"minecraft:time_since_death":15992,"minecraft:walk_on_water_one_cm":568,"minecraft:climb_one_cm":331,"minecraft:total_world_time":15992,"minecraft:hex":0,"minecraft:fall_one_cm":2893},"minecraft:picked_up":{"minecraft:stick":4,"minecraft:crafting_table":1,"minecraft:raw_iron":3,"minecraft:dirt":6,"minecraft:arrow":2,"minecraft:rotten_flesh":2,"regions_unexplored:maple_sapling":4,"regions_unexplored:maple_log":9,"fishofthieves:earthworms":1,"minecraft:emerald":2,"minecraft:cobblestone":23},"minecraft:mined":{"minecraft:iron_ore":3,"treechop:chopped_log":1,"minecraft:crafting_table":1,"minecraft:grass_block":3,"minecraft:dirt":3,"minecraft:cobblestone":6,"regions_unexplored:medium_grass":1,"minecraft:stone":17},"minecraft:dropped":{"fishofthieves:earthworms":1,"minecraft:wooden_pickaxe":1},"minecraft:killed":{"minecraft:pillager":4,"minecraft:zombie":1,"minecraft:vindicator":1},"minecraft:used":{"minecraft:stone_sword":44,"minecraft:bread":8,"minecraft:stone_pickaxe":24,"minecraft:wooden_pickaxe":3,"minecraft:shield":11,"minecraft:stone_axe":5,"minecraft:cobblestone":8,"minecraft:crafting_table":1},"minecraft:crafted":{"minecraft:crafting_table":1,"minecraft:stick":8,"regions_unexplored:maple_planks":36,"minecraft:wooden_pickaxe":1,"minecraft:stone_pickaxe":1,"minecraft:stone_axe":1}},"DataVersion":3465}