{"stats":{"minecraft:used":{"minecraft:tuff_bricks":5,"minecraft:spruce_slab":39,"minecraft:dispenser":1,"minecraft:diamond_hoe":244,"minecraft:chest":7,"minecraft:shield":84,"minecraft:iron_sword":29,"minecraft:bell":1,"minecraft:soul_sand":1,"minecraft:jungle_planks":42,"minecraft:carrot":4,"minecraft:glass":10,"minecraft:waxed_oxidized_copper":1,"minecraft:lava_bucket":1,"minecraft:brown_carpet":4,"minecraft:bow":28,"minecraft:ominous_bottle":2,"minecraft:oak_sapling":1,"minecraft:furnace":7,"minecraft:egg":3,"minecraft:potato":513,"minecraft:powered_rail":5,"minecraft:oak_planks":109,"minecraft:composter":3,"minecraft:diamond_axe":2820,"minecraft:golden_apple":2,"minecraft:sand":3,"minecraft:blast_furnace":3,"minecraft:redstone_torch":1,"minecraft:bread":135,"minecraft:lectern":82,"minecraft:gravel":90,"minecraft:diamond_sword":904,"minecraft:grindstone":1,"minecraft:smithing_table":1,"minecraft:oak_boat":6,"minecraft:oak_trapdoor":13,"minecraft:iron_bars":2,"minecraft:enchanting_table":1,"minecraft:spruce_planks":136,"minecraft:trial_key":4,"minecraft:oak_door":1,"minecraft:torch":80,"minecraft:dirt":135,"minecraft:anvil":1,"minecraft:spruce_fence":2,"minecraft:bookshelf":22,"minecraft:iron_axe":242,"minecraft:oak_stairs":15,"minecraft:spruce_button":1,"minecraft:golden_carrot":6,"minecraft:cooked_beef":5,"minecraft:water_bucket":66,"minecraft:birch_planks":3,"minecraft:baked_potato":52,"minecraft:spruce_sign":5,"minecraft:fletching_table":7,"minecraft:green_bed":1,"minecraft:cobblestone_slab":6,"minecraft:rail":9,"minecraft:oak_slab":50,"minecraft:crafting_table":3,"minecraft:white_bed":27,"disenchanting_table:disenchanting_table":2,"minecraft:spruce_log":18,"minecraft:diamond_pickaxe":1159,"minecraft:diamond_shovel":447,"minecraft:wind_charge":10,"minecraft:stone_slab":3,"minecraft:spruce_trapdoor":18,"minecraft:spruce_sapling":111,"minecraft:cobblestone":429,"minecraft:potion":3,"minecraft:bucket":70,"minecraft:kelp":25,"minecraft:splash_potion":1},"minecraft:picked_up":{"minecraft:iron_chestplate":2,"minecraft:wheat":7,"minecraft:anvil":1,"minecraft:smithing_table":1,"minecraft:diamond_sword":2,"minecraft:oak_stairs":48,"minecraft:potion":6,"minecraft:nether_brick":16,"minecraft:brewing_stand":1,"minecraft:string":16,"minecraft:waxed_cut_copper_slab":1,"minecraft:raw_copper":17,"minecraft:iron_leggings":2,"minecraft:sea_pickle":12,"minecraft:cobbled_deepslate":21,"minecraft:spruce_planks":30,"minecraft:trial_key":4,"minecraft:coal_block":4,"minecraft:furnace":4,"minecraft:iron_boots":22,"minecraft:tipped_arrow":29,"minecraft:stick":169,"minecraft:composter":3,"minecraft:torch":38,"minecraft:green_bed":1,"minecraft:spruce_stairs":3,"minecraft:porkchop":16,"minecraft:diorite":76,"minecraft:golden_chestplate":1,"minecraft:brown_carpet":4,"minecraft:rotten_flesh":238,"minecraft:obsidian":27,"minecraft:iron_bars":2,"minecraft:cobblestone":836,"minecraft:birch_log":23,"minecraft:cooked_beef":5,"minecraft:lilac":6,"minecraft:water_bucket":2,"minecraft:jungle_log":12,"minecraft:smoker":6,"disenchanting_table:disenchanting_table":1,"minecraft:potato":2503,"minecraft:flint":11,"minecraft:stripped_birch_log":3,"minecraft:dirt":365,"artifacts:flippers":1,"minecraft:glass":1,"minecraft:bone":180,"minecraft:bow":10,"minecraft:wheat_seeds":70,"minecraft:bell":3,"minecraft:grindstone":1,"minecraft:fletching_table":4,"minecraft:powered_rail":3,"minecraft:moss_block":1,"minecraft:oak_planks":55,"minecraft:poisonous_potato":38,"minecraft:jungle_planks":5,"minecraft:sand":37,"minecraft:stripped_spruce_log":3,"minecraft:spectral_arrow":20,"minecraft:writable_book":3,"minecraft:granite":42,"minecraft:breeze_rod":18,"minecraft:emerald":33,"minecraft:spruce_sign":2,"minecraft:chainmail_helmet":17,"minecraft:bread":174,"minecraft:music_disc_precipice":1,"minecraft:oak_sapling":2,"minecraft:diamond_pickaxe":3,"minecraft:crafting_table":1,"minecraft:ominous_bottle":2,"minecraft:brown_mushroom":7,"minecraft:gold_block":3,"minecraft:brick":23,"minecraft:shield":2,"minecraft:wind_charge":1,"minecraft:oak_trapdoor":1,"minecraft:moss_carpet":1,"minecraft:iron_axe":3,"artifacts:power_glove":1,"minecraft:iron_shovel":1,"minecraft:beef":34,"minecraft:oak_boat":5,"minecraft:jungle_sapling":1,"minecraft:spruce_slab":6,"minecraft:minecart":1,"minecraft:lectern":94,"minecraft:guster_pottery_sherd":1,"minecraft:sugar_cane":13,"minecraft:chest":1,"minecraft:spruce_trapdoor":5,"minecraft:waxed_oxidized_copper":1,"minecraft:egg":4,"minecraft:stripped_mangrove_wood":3,"minecraft:oak_door":1,"minecraft:fire_charge":8,"minecraft:carrot":26,"minecraft:arrow":216,"minecraft:hay_block":39,"minecraft:waxed_oxidized_cut_copper_stairs":1,"minecraft:gold_ingot":40,"minecraft:tuff_bricks":17,"minecraft:mutton":3,"minecraft:rail":4,"minecraft:white_wool":5,"minecraft:stripped_oak_log":36,"minecraft:golden_carrot":2,"artifacts:digging_claws":1,"minecraft:leather":18,"minecraft:red_mushroom":11,"artifacts:anglers_hat":1,"minecraft:birch_planks":7,"minecraft:oak_log":40,"minecraft:waxed_copper_block":1,"minecraft:yellow_bed":2,"minecraft:gunpowder":15,"minecraft:kelp":94,"minecraft:iron_ingot":44,"minecraft:glass_bottle":4,"minecraft:iron_sword":4,"minecraft:soul_sand":12,"minecraft:book":174,"minecraft:oak_slab":37,"minecraft:dandelion":1,"minecraft:gravel":147,"minecraft:spruce_sapling":161,"minecraft:blast_furnace":15,"minecraft:white_bed":30,"minecraft:spruce_log":2556,"minecraft:gold_ore":6,"minecraft:spider_eye":3,"minecraft:polished_tuff":1,"minecraft:slime_ball":145,"minecraft:chainmail_leggings":23,"minecraft:iron_helmet":2,"minecraft:painting":2,"minecraft:baked_potato":80,"minecraft:chiseled_tuff_bricks":2,"minecraft:coal":28},"minecraft:killed":{"minecraft:spider":6,"minecraft:skeleton":78,"minecraft:piglin_brute":16,"artifacts:mimic":4,"minecraft:piglin":13,"minecraft:zombie_villager":1,"minecraft:creeper":2,"minecraft:sheep":3,"minecraft:zombie":90,"minecraft:cow":17,"minecraft:bogged":53,"minecraft:slime":178,"minecraft:drowned":1,"minecraft:husk":42,"minecraft:hoglin":6,"minecraft:breeze":14,"minecraft:wither_skeleton":5,"minecraft:villager":3},"minecraft:custom":{"minecraft:animals_bred":2,"minecraft:interact_with_crafting_table":63,"minecraft:open_barrel":47,"minecraft:bell_ring":27,"minecraft:leave_game":8,"minecraft:time_since_death":302121,"minecraft:sprint_one_cm":857737,"minecraft:damage_blocked_by_shield":2570,"minecraft:drop":430,"minecraft:talked_to_villager":323,"minecraft:play_time":482680,"minecraft:deaths":11,"minecraft:jump":8762,"minecraft:interact_with_brewingstand":1,"minecraft:walk_on_water_one_cm":44915,"minecraft:enchant_item":4,"minecraft:interact_with_furnace":89,"minecraft:traded_with_villager":753,"minecraft:sleep_in_bed":29,"minecraft:damage_dealt":63225,"minecraft:crouch_one_cm":138075,"minecraft:inspect_dispenser":6,"minecraft:interact_with_smithing_table":7,"minecraft:interact_with_anvil":4,"minecraft:mob_kills":537,"minecraft:climb_one_cm":16595,"minecraft:walk_one_cm":1119105,"minecraft:sneak_time":49172,"minecraft:walk_under_water_one_cm":35542,"minecraft:boat_one_cm":164209,"minecraft:interact_with_lectern":1,"minecraft:total_world_time":497039,"minecraft:interact_with_grindstone":1,"minecraft:time_since_rest":2028,"minecraft:damage_absorbed":80,"minecraft:damage_taken":11496,"minecraft:swim_one_cm":78337,"minecraft:fly_one_cm":1680127,"minecraft:open_chest":317,"minecraft:fall_one_cm":188719},"minecraft:killed_by":{"minecraft:wither_skeleton":1,"minecraft:piglin_brute":3,"minecraft:bogged":1,"artifacts:mimic":2,"minecraft:husk":3,"minecraft:hoglin":1},"minecraft:dropped":{"minecraft:spruce_sign":1,"minecraft:iron_sword":4,"minecraft:moss_block":1,"minecraft:stripped_mangrove_wood":3,"minecraft:glass_bottle":7,"minecraft:flint":1,"minecraft:dirt":52,"minecraft:jungle_sapling":1,"minecraft:writable_book":3,"minecraft:birch_log":2,"minecraft:bone":68,"minecraft:waxed_cut_copper_slab":1,"minecraft:gravel":18,"minecraft:sugar_cane":13,"minecraft:golden_chestplate":1,"minecraft:nether_brick":8,"minecraft:wheat":14,"minecraft:rotten_flesh":179,"minecraft:oak_planks":8,"minecraft:white_bed":1,"minecraft:carrot":21,"minecraft:chainmail_chestplate":7,"minecraft:gunpowder":10,"minecraft:chainmail_boots":12,"minecraft:breeze_rod":1,"minecraft:painting":1,"minecraft:arrow":43,"minecraft:glass":1,"minecraft:egg":1,"minecraft:bread":6,"minecraft:stripped_spruce_log":2,"minecraft:oak_slab":25,"minecraft:wheat_seeds":48,"minecraft:lilac":6,"minecraft:waxed_oxidized_cut_copper_stairs":1,"minecraft:poisonous_potato":38,"minecraft:iron_helmet":33,"minecraft:cobblestone":5,"minecraft:granite":21,"minecraft:chainmail_helmet":41,"minecraft:stick":24,"minecraft:diorite":2,"minecraft:torch":2,"minecraft:fire_charge":4,"minecraft:potion":1,"minecraft:iron_leggings":1,"minecraft:stripped_birch_log":1,"minecraft:oak_stairs":32,"minecraft:iron_axe":2,"minecraft:chainmail_leggings":47,"minecraft:string":7,"minecraft:dandelion":1,"minecraft:moss_carpet":1,"minecraft:oak_trapdoor":4,"minecraft:raw_copper":4,"minecraft:iron_boots":42,"minecraft:potato":2030,"minecraft:shield":12,"minecraft:sea_pickle":12,"minecraft:spruce_trapdoor":1,"minecraft:spruce_planks":3,"minecraft:iron_chestplate":1,"minecraft:diamond_pickaxe":1,"minecraft:yellow_bed":1,"minecraft:oak_sapling":1,"minecraft:bow":7,"minecraft:bell":1,"minecraft:brick":8},"minecraft:broken":{"minecraft:iron_boots":1,"minecraft:iron_chestplate":1,"minecraft:iron_leggings":1,"minecraft:shield":1,"minecraft:iron_helmet":1},"minecraft:crafted":{"minecraft:grindstone":3,"minecraft:oak_planks":304,"minecraft:chainmail_helmet":24,"minecraft:cobblestone_slab":6,"travelersbackpack:iron":1,"travelersbackpack:crafting_upgrade":1,"minecraft:stone":4,"minecraft:diamond_shovel":1,"minecraft:bookshelf":22,"disenchanting_table:disenchanting_table":1,"minecraft:glass":34,"minecraft:bow":1,"minecraft:iron_boots":21,"minecraft:chest":8,"minecraft:oak_slab":42,"travelersbackpack:iron_tier_upgrade":1,"minecraft:emerald":612,"minecraft:diamond_axe":1,"minecraft:crafting_table":2,"minecraft:spruce_planks":9632,"travelersbackpack:standard":3,"minecraft:iron_helmet":33,"minecraft:chainmail_chestplate":7,"minecraft:smithing_table":1,"minecraft:fletching_table":4,"minecraft:birch_planks":28,"minecraft:dispenser":1,"minecraft:spruce_trapdoor":14,"minecraft:iron_chestplate":1,"minecraft:shield":13,"minecraft:stick":18595,"minecraft:stone_slab":6,"minecraft:iron_ingot":47,"minecraft:iron_block":2,"minecraft:gold_ingot":8,"minecraft:redstone_torch":1,"minecraft:composter":1,"minecraft:spruce_button":1,"minecraft:furnace":3,"minecraft:spruce_fence":3,"travelersbackpack:blank_upgrade":4,"travelersbackpack:gold_tier_upgrade":1,"minecraft:oak_trapdoor":16,"travelersbackpack:white_sleeping_bag":1,"minecraft:spruce_slab":42,"minecraft:diamond_boots":1,"minecraft:chainmail_leggings":24,"minecraft:minecart":1,"minecraft:wheat":171,"minecraft:spruce_sign":6,"minecraft:enchanting_table":1,"travelersbackpack:backpack_tank":4,"minecraft:powered_rail":6,"minecraft:bucket":1,"minecraft:enchanted_book":3,"minecraft:bread":48,"minecraft:air":0,"minecraft:jungle_planks":48,"minecraft:oak_boat":1,"minecraft:chainmail_boots":12,"minecraft:iron_leggings":1,"minecraft:anvil":1,"minecraft:torch":88},"minecraft:mined":{"minecraft:waxed_cut_copper_slab":1,"minecraft:spruce_planks":14,"minecraft:white_bed":27,"minecraft:jungle_leaves":88,"minecraft:brewing_stand":1,"minecraft:obsidian":27,"minecraft:spruce_trapdoor":2,"minecraft:granite":21,"minecraft:grass_block":83,"minecraft:jungle_log":12,"minecraft:coal_block":4,"minecraft:chiseled_tuff_bricks":2,"minecraft:composter":3,"minecraft:tuff_bricks":17,"minecraft:spawner":8,"minecraft:fire":24,"minecraft:polished_tuff":1,"minecraft:moss_carpet":1,"minecraft:fletching_table":4,"minecraft:anvil":1,"minecraft:oak_stairs":65,"minecraft:iron_bars":2,"minecraft:stripped_mangrove_wood":3,"minecraft:spruce_slab":3,"minecraft:tripwire":1,"minecraft:green_bed":1,"minecraft:brown_mushroom":7,"minecraft:kelp_plant":7,"minecraft:smoker":2,"minecraft:powder_snow":1,"minecraft:torch":8,"minecraft:blast_furnace":15,"minecraft:chest":2,"minecraft:mushroom_stem":15,"minecraft:spruce_wall_sign":1,"minecraft:glass":3,"minecraft:cobblestone":100,"minecraft:grindstone":1,"minecraft:sugar_cane":5,"minecraft:oak_planks":49,"minecraft:wall_torch":16,"disenchanting_table:disenchanting_table":1,"minecraft:seagrass":1,"minecraft:powered_rail":3,"minecraft:birch_log":9,"minecraft:wheat":8,"minecraft:waxed_oxidized_cut_copper_stairs":1,"minecraft:waxed_copper_block":1,"minecraft:oak_log":41,"minecraft:waxed_oxidized_copper":1,"minecraft:sand":37,"minecraft:dirt":191,"minecraft:red_mushroom_block":45,"minecraft:oak_leaves":19,"minecraft:deepslate":21,"minecraft:mossy_cobblestone":3,"minecraft:oak_door":1,"minecraft:stripped_birch_log":2,"minecraft:decorated_pot":11,"minecraft:jungle_planks":6,"minecraft:spruce_leaves":139,"minecraft:kelp":15,"minecraft:moss_block":1,"minecraft:large_fern":3,"minecraft:hay_block":39,"minecraft:oak_trapdoor":1,"minecraft:spruce_sapling":3,"minecraft:furnace":2,"minecraft:carrots":5,"minecraft:stripped_spruce_log":2,"minecraft:gold_block":3,"minecraft:bell":1,"minecraft:bookshelf":40,"minecraft:potatoes":456,"minecraft:deepslate_iron_ore":1,"minecraft:vine":2,"minecraft:rail":4,"minecraft:stripped_oak_log":36,"minecraft:stone":762,"minecraft:white_wool":2,"minecraft:smithing_table":1,"minecraft:oak_slab":25,"minecraft:glass_pane":3,"minecraft:brown_carpet":4,"minecraft:dandelion":1,"minecraft:crafting_table":1,"minecraft:short_grass":63,"minecraft:lectern":84,"minecraft:copper_ore":4,"minecraft:tall_grass":24,"minecraft:diorite":84,"minecraft:spruce_stairs":3,"minecraft:birch_planks":3,"minecraft:spruce_log":2552,"minecraft:yellow_bed":1,"minecraft:coal_ore":26,"minecraft:gravel":140,"minecraft:fern":3}},"DataVersion":3955}