{"stats":{"minecraft:custom":{"minecraft:animals_bred":2,"minecraft:interact_with_crafting_table":76,"minecraft:open_barrel":50,"minecraft:bell_ring":27,"minecraft:leave_game":14,"minecraft:time_since_death":547059,"minecraft:sprint_one_cm":1151125,"minecraft:damage_blocked_by_shield":2570,"minecraft:drop":602,"minecraft:talked_to_villager":1263,"minecraft:play_time":727618,"minecraft:deaths":11,"minecraft:jump":11705,"minecraft:interact_with_brewingstand":1,"minecraft:walk_on_water_one_cm":49795,"minecraft:enchant_item":4,"minecraft:interact_with_furnace":92,"minecraft:traded_with_villager":1524,"minecraft:sleep_in_bed":45,"minecraft:damage_dealt":74767,"minecraft:crouch_one_cm":202520,"minecraft:inspect_dispenser":6,"minecraft:interact_with_smithing_table":8,"minecraft:interact_with_anvil":22,"minecraft:mob_kills":764,"minecraft:climb_one_cm":24146,"minecraft:walk_one_cm":1452990,"minecraft:sneak_time":68569,"minecraft:walk_under_water_one_cm":41109,"minecraft:interact_with_lectern":1,"minecraft:boat_one_cm":164209,"minecraft:interact_with_blast_furnace":36,"minecraft:total_world_time":741977,"minecraft:interact_with_grindstone":5,"minecraft:time_since_rest":5378,"minecraft:damage_absorbed":203,"minecraft:damage_taken":13419,"minecraft:swim_one_cm":82823,"minecraft:fly_one_cm":2217575,"minecraft:open_chest":535,"minecraft:fall_one_cm":266190},"minecraft:dropped":{"minecraft:spruce_sign":1,"minecraft:iron_sword":4,"betternether:wall_mushroom_red":3,"minecraft:soul_sand":79,"minecraft:moss_block":1,"minecraft:stripped_mangrove_wood":3,"minecraft:diamond_axe":1,"minecraft:glass_bottle":7,"minecraft:weeping_vines":4,"betternether:soul_sandstone_cut_stairs":3,"minecraft:cookie":216,"betternether:black_bush":5,"minecraft:flint":1,"betternether:bone_grass":1,"minecraft:cracked_polished_blackstone_bricks":1,"minecraft:dirt":98,"betternether:wall_mushroom_brown":8,"minecraft:jungle_sapling":1,"minecraft:gold_nugget":4,"minecraft:writable_book":3,"minecraft:pumpkin_pie":48,"minecraft:polished_blackstone_bricks":3,"minecraft:birch_log":2,"betternether:soul_sandstone":16,"betternether:soul_sandstone_chiseled":2,"betternether:wall_moss":9,"minecraft:bone":166,"minecraft:waxed_cut_copper_slab":1,"minecraft:gravel":18,"minecraft:stone_axe":10,"minecraft:sugar_cane":13,"betternether:jungle_moss":2,"minecraft:golden_chestplate":1,"minecraft:cobbled_deepslate":56,"minecraft:nether_brick":8,"minecraft:wheat":14,"betternether:jungle_plant":5,"minecraft:rotten_flesh":396,"betternether:eye_seed":2,"minecraft:oak_planks":11,"minecraft:white_bed":1,"betternether:basalt_bricks_stairs":1,"minecraft:carrot":22,"minecraft:chainmail_chestplate":7,"minecraft:gunpowder":11,"minecraft:chainmail_boots":12,"minecraft:breeze_rod":1,"minecraft:painting":1,"minecraft:spruce_slab":4,"betternether:soul_vein":3,"minecraft:arrow":204,"minecraft:glass":1,"minecraft:netherrack":74,"minecraft:egg":1,"minecraft:bread":7,"minecraft:oak_slab":25,"minecraft:stripped_spruce_log":3,"minecraft:wheat_seeds":55,"minecraft:lilac":6,"minecraft:waxed_oxidized_cut_copper_stairs":1,"minecraft:poisonous_potato":38,"minecraft:iron_helmet":46,"minecraft:cobblestone":23,"minecraft:granite":21,"minecraft:coal":8,"minecraft:chainmail_helmet":49,"minecraft:stick":25,"minecraft:oxeye_daisy":2,"minecraft:diorite":5,"minecraft:torch":3,"minecraft:fire_charge":4,"minecraft:potion":1,"minecraft:iron_leggings":1,"minecraft:stripped_birch_log":1,"minecraft:oak_stairs":32,"minecraft:iron_axe":2,"betternether:wart_seed":7,"minecraft:iron_shovel":3,"minecraft:chainmail_leggings":59,"minecraft:string":8,"minecraft:oxidized_copper":1,"minecraft:spruce_sapling":36,"minecraft:dandelion":6,"minecraft:moss_carpet":1,"minecraft:soul_soil":92,"minecraft:oak_trapdoor":4,"betternether:soul_grass":1,"minecraft:raw_copper":4,"minecraft:tuff":72,"minecraft:diamond_hoe":10,"minecraft:iron_boots":42,"minecraft:flint_and_steel":1,"minecraft:potato":2031,"minecraft:shield":17,"minecraft:sea_pickle":12,"minecraft:spruce_trapdoor":1,"minecraft:spruce_planks":5,"minecraft:diamond_pickaxe":1,"minecraft:iron_chestplate":2,"minecraft:cake":4,"minecraft:yellow_bed":1,"betternether:bone_wall":5,"minecraft:oak_sapling":1,"minecraft:spruce_log":1,"minecraft:slime_ball":3,"minecraft:bow":16,"minecraft:magma_block":3,"minecraft:bell":1,"minecraft:brick":8},"minecraft:used":{"minecraft:tuff_bricks":5,"betternether:rubeus_planks":140,"minecraft:spruce_slab":55,"minecraft:dispenser":1,"minecraft:diamond_hoe":244,"minecraft:chest":11,"minecraft:shield":84,"minecraft:iron_sword":29,"minecraft:bell":1,"minecraft:soul_sand":1,"minecraft:jungle_planks":42,"minecraft:carrot":4,"travelersbackpack:iron":1,"minecraft:obsidian":26,"minecraft:glass":10,"minecraft:waxed_oxidized_copper":1,"minecraft:lava_bucket":1,"minecraft:brown_carpet":4,"minecraft:bow":30,"minecraft:ominous_bottle":2,"minecraft:oak_sapling":1,"minecraft:furnace":7,"minecraft:egg":4,"minecraft:potato":513,"betternether:flaming_ruby_chestplate":1,"minecraft:powered_rail":5,"minecraft:oak_planks":109,"minecraft:composter":3,"minecraft:diamond_axe":5541,"minecraft:golden_apple":5,"betternether:swamp_grass":1,"minecraft:sand":3,"minecraft:blast_furnace":11,"betternether:pig_statue_respawner":1,"minecraft:redstone_torch":1,"minecraft:bread":157,"minecraft:lectern":447,"minecraft:gravel":90,"minecraft:diamond_sword":1232,"minecraft:grindstone":3,"minecraft:smithing_table":2,"minecraft:oak_boat":6,"minecraft:oak_trapdoor":13,"minecraft:iron_bars":2,"minecraft:enchanting_table":1,"minecraft:flint_and_steel":3,"minecraft:spruce_planks":159,"minecraft:trial_key":4,"minecraft:oak_door":1,"minecraft:torch":92,"minecraft:dirt":137,"minecraft:anvil":3,"minecraft:spruce_fence":2,"minecraft:bookshelf":25,"minecraft:iron_axe":242,"minecraft:oak_stairs":15,"minecraft:spruce_button":1,"minecraft:golden_carrot":25,"minecraft:cooked_beef":5,"betternether:wart_planks":140,"minecraft:water_bucket":73,"minecraft:birch_planks":3,"minecraft:baked_potato":52,"minecraft:spruce_sign":5,"minecraft:fletching_table":7,"minecraft:green_bed":1,"minecraft:cobblestone_slab":6,"minecraft:rail":9,"minecraft:oak_slab":54,"minecraft:crafting_table":3,"minecraft:white_bed":28,"disenchanting_table:disenchanting_table":2,"minecraft:spruce_log":20,"minecraft:diamond_pickaxe":1661,"minecraft:diamond_shovel":594,"minecraft:wind_charge":10,"minecraft:spruce_trapdoor":18,"minecraft:stone_slab":3,"minecraft:spruce_sapling":220,"minecraft:potion":3,"minecraft:cobblestone":429,"betternether:basalt_bricks":9,"minecraft:bucket":77,"minecraft:kelp":25,"minecraft:splash_potion":1},"minecraft:killed_by":{"minecraft:wither_skeleton":1,"minecraft:piglin_brute":3,"minecraft:bogged":1,"artifacts:mimic":2,"minecraft:husk":3,"minecraft:hoglin":1},"minecraft:picked_up":{"minecraft:iron_chestplate":2,"minecraft:wheat":7,"minecraft:diamond_sword":2,"minecraft:anvil":2,"minecraft:smithing_table":1,"betternether:pig_statue_respawner":1,"minecraft:oak_stairs":48,"betternether:eye_seed":2,"minecraft:potion":6,"minecraft:nether_brick":16,"minecraft:brewing_stand":1,"minecraft:string":19,"minecraft:waxed_cut_copper_slab":1,"minecraft:soul_soil":92,"minecraft:raw_copper":17,"minecraft:iron_leggings":2,"minecraft:sea_pickle":12,"minecraft:gold_nugget":4,"minecraft:cobbled_deepslate":77,"minecraft:spruce_planks":84,"minecraft:trial_key":4,"minecraft:coal_block":4,"minecraft:iron_boots":22,"minecraft:furnace":4,"minecraft:tipped_arrow":42,"minecraft:stick":358,"minecraft:composter":3,"minecraft:torch":42,"betternether:bone_wall":5,"minecraft:green_bed":1,"minecraft:spruce_stairs":3,"betternether:basalt_bricks_stairs":1,"minecraft:porkchop":16,"minecraft:diorite":79,"betternether:cincinnasite":15,"minecraft:golden_chestplate":1,"minecraft:brown_carpet":4,"minecraft:rotten_flesh":461,"minecraft:blue_glazed_terracotta":2,"minecraft:polished_basalt":3,"minecraft:blaze_rod":2,"minecraft:obsidian":27,"minecraft:iron_bars":2,"minecraft:cobblestone":854,"minecraft:birch_log":23,"minecraft:magma_block":3,"minecraft:lilac":6,"minecraft:cooked_beef":5,"minecraft:oxidized_copper":1,"minecraft:magma_cream":1,"betternether:jungle_moss":2,"minecraft:water_bucket":2,"minecraft:jungle_log":12,"disenchanting_table:disenchanting_table":1,"minecraft:smoker":6,"minecraft:potato":2504,"minecraft:flint":11,"minecraft:tuff":72,"betternether:wart_seed":7,"minecraft:wither_skeleton_skull":6,"minecraft:stripped_birch_log":3,"minecraft:dirt":411,"artifacts:flippers":1,"minecraft:glass":1,"minecraft:bone":523,"minecraft:bow":23,"minecraft:wheat_seeds":76,"minecraft:bell":3,"minecraft:grindstone":2,"minecraft:fletching_table":4,"minecraft:powered_rail":3,"minecraft:moss_block":1,"minecraft:oak_planks":64,"betternether:wall_moss":9,"minecraft:poisonous_potato":38,"minecraft:sand":37,"minecraft:jungle_planks":5,"minecraft:stripped_spruce_log":4,"betternether:wart_bark":2,"minecraft:spectral_arrow":20,"minecraft:netherite_block":1,"minecraft:dispenser":1,"minecraft:writable_book":3,"betternether:cincinnasite_pillar":2,"minecraft:cracked_polished_blackstone_bricks":1,"minecraft:granite":42,"minecraft:breeze_rod":18,"minecraft:chainmail_helmet":17,"minecraft:spruce_sign":2,"minecraft:emerald":33,"minecraft:bread":174,"minecraft:music_disc_precipice":1,"minecraft:oak_sapling":2,"minecraft:netherrack":74,"minecraft:diamond_pickaxe":3,"minecraft:crafting_table":1,"minecraft:ominous_bottle":2,"minecraft:brown_mushroom":7,"minecraft:gold_block":3,"minecraft:brick":23,"minecraft:shield":2,"minecraft:wind_charge":1,"minecraft:oak_trapdoor":1,"betternether:bone_grass":1,"minecraft:moss_carpet":1,"minecraft:iron_axe":3,"artifacts:power_glove":1,"minecraft:iron_shovel":1,"minecraft:beef":34,"minecraft:oak_boat":5,"minecraft:jungle_sapling":1,"minecraft:spruce_slab":18,"minecraft:minecart":1,"minecraft:lectern":455,"minecraft:guster_pottery_sherd":1,"minecraft:sugar_cane":13,"minecraft:chest":2,"minecraft:spruce_trapdoor":5,"minecraft:waxed_oxidized_copper":1,"betternether:rubeus_bark":80,"minecraft:egg":5,"minecraft:raw_iron":45,"minecraft:stripped_mangrove_wood":3,"minecraft:oak_door":1,"betternether:wall_mushroom_red":3,"betternether:soul_sandstone":16,"betternether:swamp_grass":2,"minecraft:fire_charge":8,"minecraft:polished_blackstone_bricks":7,"minecraft:carrot":27,"betternether:soul_sandstone_chiseled":2,"betternether:soul_vein":3,"minecraft:arrow":417,"minecraft:weeping_vines":4,"minecraft:hay_block":39,"minecraft:waxed_oxidized_cut_copper_stairs":1,"minecraft:gold_ingot":40,"minecraft:tuff_bricks":17,"minecraft:mutton":3,"minecraft:rail":4,"minecraft:white_wool":5,"minecraft:oxeye_daisy":2,"minecraft:stripped_oak_log":40,"minecraft:basalt":15,"minecraft:golden_carrot":2,"artifacts:digging_claws":1,"minecraft:leather":18,"minecraft:birch_planks":7,"betternether:wall_mushroom_brown":8,"minecraft:red_mushroom":11,"artifacts:anglers_hat":1,"betternether:wart_log":35,"minecraft:oak_log":66,"minecraft:waxed_copper_block":1,"minecraft:ancient_debris":2,"minecraft:yellow_bed":2,"minecraft:gunpowder":16,"betternether:basalt_bricks":117,"minecraft:kelp":94,"betternether:soul_sandstone_cut_stairs":3,"minecraft:iron_ingot":44,"travelersbackpack:coal":1,"minecraft:glass_bottle":4,"minecraft:iron_sword":4,"minecraft:soul_sand":91,"minecraft:book":186,"minecraft:oak_slab":41,"betternether:black_bush":5,"betternether:soul_grass":1,"minecraft:quartz":15,"minecraft:dandelion":6,"betternether:bone_tile":1,"minecraft:gravel":147,"minecraft:spruce_sapling":481,"minecraft:blast_furnace":16,"minecraft:white_bed":31,"minecraft:spruce_log":4686,"minecraft:gold_ore":6,"betternether:cincinnasite_forged":5,"minecraft:spider_eye":3,"minecraft:polished_tuff":1,"minecraft:leather_helmet":1,"minecraft:slime_ball":148,"betternether:jungle_plant":5,"minecraft:chainmail_leggings":23,"minecraft:iron_helmet":4,"minecraft:diamond_axe":1,"minecraft:painting":2,"minecraft:baked_potato":80,"minecraft:coal":150,"minecraft:chiseled_tuff_bricks":2},"minecraft:broken":{"minecraft:iron_boots":1,"minecraft:iron_chestplate":1,"minecraft:iron_leggings":1,"minecraft:shield":1,"minecraft:iron_helmet":1},"minecraft:crafted":{"justhammers:netherite_hammer":1,"minecraft:grindstone":3,"minecraft:oak_planks":424,"minecraft:chainmail_helmet":32,"minecraft:cobblestone_slab":6,"travelersbackpack:iron":2,"travelersbackpack:crafting_upgrade":1,"minecraft:stone":4,"minecraft:diamond_shovel":1,"minecraft:bookshelf":27,"disenchanting_table:disenchanting_table":1,"minecraft:cake":4,"minecraft:glass":34,"minecraft:diamond_helmet":1,"minecraft:bow":4,"minecraft:iron_boots":21,"justhammers:diamond_hammer":1,"minecraft:chest":11,"minecraft:oak_slab":42,"travelersbackpack:iron_tier_upgrade":1,"minecraft:emerald":1245,"minecraft:diamond_axe":1,"minecraft:crafting_table":2,"minecraft:spruce_planks":18663,"travelersbackpack:standard":3,"minecraft:iron_helmet":43,"minecraft:chainmail_chestplate":7,"minecraft:smithing_table":1,"minecraft:fletching_table":4,"minecraft:birch_planks":28,"betternether:wart_planks":140,"betternether:rubeus_planks":140,"minecraft:dispenser":1,"minecraft:spruce_trapdoor":14,"minecraft:lectern":2,"minecraft:iron_chestplate":1,"minecraft:shield":18,"minecraft:stick":37072,"minecraft:stone_slab":6,"minecraft:iron_ingot":92,"minecraft:iron_block":5,"minecraft:gold_ingot":8,"minecraft:redstone_torch":1,"minecraft:netherite_ingot":45,"minecraft:composter":1,"minecraft:golden_carrot":36,"minecraft:cookie":216,"minecraft:redstone":18,"minecraft:coal":36,"minecraft:diamond_hoe":9,"minecraft:spruce_button":1,"minecraft:furnace":3,"minecraft:spruce_fence":3,"travelersbackpack:blank_upgrade":4,"travelersbackpack:gold_tier_upgrade":1,"minecraft:flint_and_steel":1,"minecraft:oak_trapdoor":16,"travelersbackpack:white_sleeping_bag":1,"minecraft:spruce_slab":54,"minecraft:diamond_boots":1,"minecraft:redstone_block":10,"minecraft:chainmail_leggings":36,"travelersbackpack:diamond_tier_upgrade":1,"minecraft:minecart":1,"minecraft:wheat":171,"minecraft:spruce_sign":6,"minecraft:enchanting_table":1,"travelersbackpack:backpack_tank":4,"minecraft:powered_rail":6,"minecraft:bucket":1,"minecraft:stone_axe":10,"minecraft:enchanted_book":21,"minecraft:air":0,"minecraft:bread":144,"minecraft:jungle_planks":48,"minecraft:oak_boat":1,"minecraft:chainmail_boots":12,"minecraft:iron_shovel":3,"minecraft:iron_leggings":1,"minecraft:anvil":2,"minecraft:pumpkin_pie":48,"minecraft:torch":132,"minecraft:diamond_chestplate":1},"minecraft:killed":{"betternether:skull":5,"minecraft:spider":6,"minecraft:skeleton":156,"minecraft:piglin_brute":16,"artifacts:mimic":4,"minecraft:magma_cube":2,"minecraft:piglin":14,"minecraft:zombie_villager":1,"minecraft:creeper":2,"minecraft:sheep":3,"minecraft:zombie":173,"minecraft:blaze":3,"minecraft:cow":17,"minecraft:bogged":53,"minecraft:slime":178,"minecraft:zoglin":2,"minecraft:drowned":1,"minecraft:husk":42,"minecraft:hoglin":6,"minecraft:breeze":14,"minecraft:wither_skeleton":57,"minecraft:villager":4},"minecraft:mined":{"minecraft:waxed_cut_copper_slab":1,"minecraft:spruce_planks":21,"minecraft:white_bed":28,"betternether:cincinnasite_pedestal":1,"betternether:wart_roots":17,"minecraft:jungle_leaves":88,"minecraft:brewing_stand":1,"minecraft:spruce_trapdoor":2,"minecraft:obsidian":27,"minecraft:granite":21,"minecraft:grass_block":116,"minecraft:jungle_log":12,"minecraft:cracked_polished_blackstone_bricks":1,"minecraft:coal_block":4,"minecraft:soul_soil":56,"minecraft:chiseled_tuff_bricks":2,"minecraft:composter":3,"minecraft:tuff_bricks":17,"betternether:cincinnasite_ore":6,"minecraft:spawner":11,"minecraft:polished_blackstone_bricks":7,"minecraft:magma_block":3,"betternether:soul_sandstone_chiseled":2,"betternether:soul_sandstone_cut_stairs":3,"minecraft:iron_ore":34,"minecraft:fire":25,"minecraft:polished_tuff":1,"minecraft:anvil":2,"betternether:basalt_bricks":120,"minecraft:moss_carpet":1,"betternether:wart_bark":2,"betternether:cincinnasite_bricks_pillar":2,"minecraft:fletching_table":4,"minecraft:iron_bars":2,"minecraft:oak_stairs":65,"minecraft:stripped_mangrove_wood":3,"minecraft:green_bed":1,"minecraft:spruce_slab":11,"minecraft:tripwire":3,"minecraft:netherite_block":1,"minecraft:brown_mushroom":7,"betternether:eyeball":1,"minecraft:kelp_plant":7,"minecraft:smoker":2,"minecraft:soul_fire":33,"minecraft:powder_snow":1,"minecraft:torch":10,"minecraft:blast_furnace":16,"minecraft:oxidized_copper":1,"minecraft:chest":3,"betternether:cincinnasite_forged":5,"minecraft:mushroom_stem":15,"minecraft:spruce_wall_sign":1,"minecraft:glass":3,"minecraft:nether_quartz_ore":15,"minecraft:cobblestone":100,"betternether:basalt_bricks_stairs":1,"minecraft:oak_planks":58,"minecraft:sugar_cane":5,"minecraft:grindstone":2,"minecraft:wall_torch":16,"disenchanting_table:disenchanting_table":1,"betternether:soul_sandstone":8,"minecraft:seagrass":1,"minecraft:powered_rail":3,"minecraft:birch_log":9,"minecraft:waxed_oxidized_cut_copper_stairs":1,"minecraft:wheat":8,"minecraft:waxed_copper_block":1,"minecraft:oak_log":67,"minecraft:waxed_oxidized_copper":1,"minecraft:sand":37,"minecraft:dirt":203,"minecraft:dispenser":1,"minecraft:red_mushroom_block":45,"minecraft:ancient_debris":2,"minecraft:netherrack":74,"minecraft:oak_leaves":19,"minecraft:deepslate":76,"minecraft:nether_gold_ore":1,"minecraft:tuff":72,"minecraft:mossy_cobblestone":3,"minecraft:oak_door":1,"minecraft:stripped_birch_log":2,"minecraft:decorated_pot":11,"minecraft:jungle_planks":6,"minecraft:kelp":15,"minecraft:spruce_leaves":145,"minecraft:moss_block":1,"minecraft:large_fern":3,"minecraft:hay_block":39,"minecraft:oak_trapdoor":1,"minecraft:spruce_sapling":4,"minecraft:furnace":2,"minecraft:carrots":5,"minecraft:polished_basalt":3,"minecraft:stripped_spruce_log":3,"minecraft:gold_block":3,"minecraft:bell":1,"betternether:pig_statue_respawner":1,"betternether:wall_moss":1,"minecraft:bookshelf":44,"minecraft:potatoes":456,"minecraft:deepslate_iron_ore":12,"minecraft:vine":2,"betternether:nether_brick_tile_large":1,"minecraft:rail":4,"minecraft:stripped_oak_log":40,"minecraft:blue_glazed_terracotta":2,"minecraft:stone":773,"minecraft:white_wool":2,"betternether:nether_brick_tile_stairs":1,"minecraft:smithing_table":1,"minecraft:oak_slab":29,"minecraft:glass_pane":3,"minecraft:soul_sand":49,"minecraft:brown_carpet":4,"minecraft:basalt":15,"minecraft:dandelion":1,"betternether:rubeus_bark":89,"minecraft:crafting_table":1,"betternether:bone_wall":5,"minecraft:short_grass":79,"minecraft:lectern":445,"minecraft:copper_ore":4,"minecraft:tall_grass":24,"minecraft:diorite":86,"minecraft:spruce_stairs":3,"minecraft:birch_planks":3,"betternether:wart_log":18,"minecraft:spruce_log":4681,"minecraft:yellow_bed":1,"betternether:bone_tile":1,"minecraft:coal_ore":37,"minecraft:gravel":140,"minecraft:cobweb":1,"minecraft:crimson_hyphae":3,"betternether:cincinnasite_pillar":2,"minecraft:fern":3}},"DataVersion":3955}