{"stats":{"minecraft:killed_by":{"minecraft:zombie":1},"minecraft:custom":{"lootr:looted_stat":15,"minecraft:mob_kills":54,"minecraft:interact_with_crafting_table":9,"minecraft:damage_dealt_resisted":0,"minecraft:leave_game":3,"minecraft:time_since_death":274,"minecraft:climb_one_cm":705,"minecraft:hex":0,"minecraft:damage_absorbed":56,"minecraft:time_since_rest":908,"minecraft:sprint_one_cm":148022,"minecraft:damage_taken":1554,"minecraft:walk_one_cm":142205,"minecraft:damage_blocked_by_shield":220,"minecraft:drop":31,"minecraft:damage_dealt":10211,"minecraft:swim_one_cm":34408,"minecraft:fly_one_cm":205103,"minecraft:crouch_one_cm":21439,"minecraft:play_time":82207,"minecraft:deaths":1,"minecraft:sneak_time":7345,"minecraft:walk_under_water_one_cm":11239,"minecraft:jump":1414,"minecraft:interact_with_blast_furnace":1,"minecraft:walk_on_water_one_cm":25098,"minecraft:threat":13,"minecraft:fall_one_cm":35032,"minecraft:total_world_time":82207},"minecraft:picked_up":{"minecraft:crafting_table":3,"archers:composite_longbow":1,"minecraft:leather":10,"minecraft:smoker":1,"minecraft:red_mushroom":1,"soulsweapons:moonstone":1,"regions_unexplored:maple_planks":1,"minecraft:oak_log":8,"supplementaries:flax_seeds":4,"minecraft:dirt":6,"minecraft:string":2,"minecraft:bone":1,"minecraft:chipped_anvil":1,"minecraft:wheat_seeds":1,"minecraft:cobbled_deepslate":14,"simplyswords:iron_warglaive":1,"minecraft:raw_gold":17,"minecraft:iron_ingot":5,"minecraft:beef":14,"fishofthieves:earthworms":1,"minecraft:oak_planks":6,"minecraft:stick":6,"minecraft:raw_iron":49,"minecraft:sweet_berries":6,"minecraft:torch":19,"minecraft:spruce_fence":3,"minecraft:porkchop":3,"minecraft:blast_furnace":2,"minecraft:arrow":16,"minecraft:rotten_flesh":6,"minecraft:diamond":7,"regions_unexplored:maple_sapling":4,"minecraft:stone_axe":1,"minecraft:hay_block":6,"minecraft:crossbow":1,"regions_unexplored:maple_log":9,"minecraft:emerald":8,"supplementaries:ash":5,"minecraft:oak_sapling":2,"minecraft:mutton":5,"minecraft:coal":98,"minecraft:white_wool":3,"minecraft:cobblestone":33},"minecraft:mined":{"regions_unexplored:green_bioshroom":1,"regions_unexplored:maple_planks":1,"minecraft:deepslate_diamond_ore":7,"minecraft:smoker":1,"minecraft:powder_snow":5,"minecraft:crafting_table":3,"minecraft:cobbled_deepslate_slab":2,"minecraft:blast_furnace":2,"minecraft:spruce_fence":12,"minecraft:grass_block":3,"minecraft:mushroom_stem":10,"minecraft:brown_mushroom_block":4,"minecraft:tall_grass":1,"minecraft:cobblestone":6,"minecraft:deepslate_gold_ore":17,"minecraft:spawner":2,"supplementaries:urn":11,"minecraft:spruce_stairs":2,"minecraft:hay_block":6,"minecraft:iron_ore":23,"minecraft:cobbled_deepslate":1,"treechop:chopped_log":2,"minecraft:grass":1,"soulsweapons:moonstone_ore_deepslate":1,"minecraft:coal_ore":98,"minecraft:deepslate_iron_ore":26,"minecraft:polished_deepslate_slab":3,"minecraft:dirt":4,"regions_unexplored:medium_grass":1,"minecraft:red_mushroom_block":3,"minecraft:stone":36,"minecraft:chipped_anvil":1,"regions_unexplored:deepslate_viridescent_nylium":1,"minecraft:deepslate":44},"minecraft:dropped":{"minecraft:stone_axe":2,"minecraft:wheat_seeds":1,"minecraft:oak_log":4,"minecraft:stone_sword":1,"minecraft:cobbled_deepslate":11,"minecraft:crossbow":1,"minecraft:cobblestone":1,"minecraft:rotten_flesh":4,"minecraft:oak_planks":6,"regions_unexplored:maple_sapling":4,"minecraft:saddle":1,"minecraft:spruce_fence":3,"minecraft:stick":4,"supplementaries:flax_seeds":4,"minecraft:dirt":6,"supplementaries:ash":5,"minecraft:shield":1,"fishofthieves:earthworms":1,"archers:composite_longbow":1,"minecraft:oak_sapling":2,"simplyswords:gold_chakram":1,"minecraft:wooden_pickaxe":1,"minecraft:stone_pickaxe":1,"simplyswords:iron_warglaive":1,"ftbquests:book":1,"spellbladenext:flaming_falchion":1,"minecraft:bone":1},"minecraft:killed":{"minecraft:pig":2,"minecraft:iron_golem":1,"minecraft:spider":3,"minecraft:vindicator":2,"minecraft:skeleton":4,"minecraft:sheep":3,"minecraft:pillager":18,"minecraft:zombie":10,"friendsandfoes:moobloom":6,"minecraft:cow":3},"minecraft:broken":{"minecraft:iron_pickaxe":1},"minecraft:used":{"minecraft:stone_sword":60,"minecraft:stone_pickaxe":31,"minecraft:wooden_pickaxe":3,"minecraft:shield":17,"spellbladenext:arcane_blade":170,"regions_unexplored:maple_planks":22,"minecraft:torch":24,"archers:composite_longbow":11,"minecraft:crafting_table":4,"minecraft:apple":2,"minecraft:bread":32,"minecraft:iron_pickaxe":250,"minecraft:totem_of_undying":1,"minecraft:stone_axe":51,"simplyswords:shadowsting":50,"minecraft:cobblestone":23,"minecraft:sweet_berries":3,"minecraft:cobbled_deepslate":3,"simplyswords:gold_chakram":22},"minecraft:crafted":{"minecraft:oak_planks":8,"minecraft:crafting_table":2,"regions_unexplored:maple_planks":36,"minecraft:wooden_pickaxe":1,"minecraft:stone_axe":1,"minecraft:bread":18,"minecraft:stick":12,"minecraft:iron_pickaxe":2,"minecraft:stone_pickaxe":1,"minecraft:torch":16,"minecraft:wheat":54}},"DataVersion":3465}