{"stats":{"minecraft:picked_up":{"minecraft:iron_chestplate":2,"minecraft:diamond_sword":2,"minecraft:oak_stairs":47,"minecraft:potion":6,"minecraft:nether_brick":16,"minecraft:brewing_stand":1,"minecraft:string":11,"minecraft:waxed_cut_copper_slab":1,"minecraft:raw_copper":8,"minecraft:iron_leggings":2,"minecraft:sea_pickle":12,"minecraft:cobbled_deepslate":21,"minecraft:spruce_planks":7,"minecraft:trial_key":4,"minecraft:coal_block":4,"minecraft:furnace":4,"minecraft:iron_boots":2,"minecraft:tipped_arrow":29,"minecraft:stick":41,"minecraft:composter":1,"minecraft:torch":31,"minecraft:green_bed":1,"minecraft:spruce_stairs":3,"minecraft:porkchop":16,"minecraft:diorite":74,"minecraft:brown_carpet":4,"minecraft:rotten_flesh":130,"minecraft:obsidian":4,"minecraft:iron_bars":2,"minecraft:cobblestone":568,"minecraft:birch_log":23,"minecraft:cooked_beef":5,"minecraft:lilac":6,"minecraft:water_bucket":2,"minecraft:jungle_log":12,"minecraft:smoker":6,"minecraft:potato":6,"minecraft:flint":9,"minecraft:stripped_birch_log":3,"minecraft:dirt":137,"artifacts:flippers":1,"minecraft:bone":108,"minecraft:bow":7,"minecraft:wheat_seeds":29,"minecraft:bell":1,"minecraft:fletching_table":4,"minecraft:moss_block":1,"minecraft:oak_planks":43,"minecraft:jungle_planks":5,"minecraft:sand":37,"minecraft:stripped_spruce_log":1,"minecraft:spectral_arrow":20,"minecraft:writable_book":3,"minecraft:breeze_rod":18,"minecraft:spruce_sign":2,"minecraft:bread":174,"minecraft:emerald":18,"minecraft:music_disc_precipice":1,"minecraft:oak_sapling":2,"minecraft:diamond_pickaxe":3,"minecraft:crafting_table":1,"minecraft:ominous_bottle":2,"minecraft:brown_mushroom":7,"minecraft:gold_block":3,"minecraft:brick":23,"minecraft:shield":2,"minecraft:wind_charge":1,"minecraft:oak_trapdoor":1,"minecraft:moss_carpet":1,"artifacts:power_glove":1,"minecraft:iron_axe":3,"minecraft:beef":34,"minecraft:oak_boat":5,"minecraft:jungle_sapling":1,"minecraft:guster_pottery_sherd":1,"minecraft:lectern":69,"minecraft:sugar_cane":13,"minecraft:chest":1,"minecraft:waxed_oxidized_copper":1,"minecraft:egg":1,"minecraft:stripped_mangrove_wood":3,"minecraft:oak_door":1,"minecraft:fire_charge":8,"minecraft:carrot":1,"minecraft:arrow":144,"minecraft:waxed_oxidized_cut_copper_stairs":1,"minecraft:hay_block":38,"minecraft:gold_ingot":40,"minecraft:tuff_bricks":17,"minecraft:mutton":3,"minecraft:white_wool":5,"minecraft:stripped_oak_log":36,"minecraft:golden_carrot":2,"artifacts:digging_claws":1,"minecraft:leather":18,"minecraft:red_mushroom":11,"artifacts:anglers_hat":1,"minecraft:birch_planks":7,"minecraft:oak_log":40,"minecraft:waxed_copper_block":1,"minecraft:yellow_bed":2,"minecraft:kelp":94,"minecraft:iron_ingot":43,"minecraft:glass_bottle":4,"minecraft:iron_sword":2,"minecraft:soul_sand":12,"minecraft:book":174,"minecraft:oak_slab":32,"minecraft:dandelion":1,"minecraft:gravel":111,"minecraft:spruce_sapling":39,"minecraft:blast_furnace":14,"minecraft:white_bed":22,"minecraft:spruce_log":956,"minecraft:gold_ore":6,"minecraft:polished_tuff":1,"minecraft:spider_eye":1,"minecraft:slime_ball":145,"minecraft:iron_helmet":2,"minecraft:painting":2,"minecraft:baked_potato":80,"minecraft:chiseled_tuff_bricks":2,"minecraft:coal":22},"minecraft:used":{"minecraft:tuff_bricks":5,"minecraft:diamond_hoe":146,"minecraft:chest":7,"minecraft:shield":84,"minecraft:iron_sword":29,"minecraft:bell":1,"minecraft:soul_sand":1,"minecraft:jungle_planks":42,"minecraft:waxed_oxidized_copper":1,"minecraft:bow":28,"minecraft:brown_carpet":4,"minecraft:ominous_bottle":2,"minecraft:furnace":7,"minecraft:oak_sapling":1,"minecraft:egg":1,"minecraft:oak_planks":109,"minecraft:diamond_axe":1167,"minecraft:golden_apple":2,"minecraft:sand":3,"minecraft:bread":119,"minecraft:lectern":57,"minecraft:gravel":90,"minecraft:diamond_sword":805,"minecraft:smithing_table":1,"minecraft:oak_boat":6,"minecraft:oak_trapdoor":13,"minecraft:iron_bars":2,"minecraft:enchanting_table":1,"minecraft:spruce_planks":7,"minecraft:trial_key":4,"minecraft:oak_door":1,"minecraft:torch":64,"minecraft:dirt":16,"minecraft:anvil":1,"minecraft:spruce_fence":2,"minecraft:bookshelf":22,"minecraft:iron_axe":242,"minecraft:oak_stairs":15,"minecraft:golden_carrot":6,"minecraft:water_bucket":61,"minecraft:birch_planks":3,"minecraft:baked_potato":52,"minecraft:spruce_sign":5,"minecraft:fletching_table":7,"minecraft:green_bed":1,"minecraft:cobblestone_slab":6,"minecraft:oak_slab":46,"minecraft:crafting_table":3,"minecraft:white_bed":15,"minecraft:spruce_log":9,"minecraft:diamond_pickaxe":827,"minecraft:diamond_shovel":250,"minecraft:wind_charge":10,"minecraft:spruce_sapling":37,"minecraft:cobblestone":412,"minecraft:potion":3,"minecraft:bucket":62,"minecraft:kelp":25,"minecraft:splash_potion":1},"minecraft:killed":{"minecraft:spider":4,"minecraft:skeleton":42,"minecraft:piglin_brute":16,"artifacts:mimic":4,"minecraft:piglin":13,"minecraft:zombie_villager":1,"minecraft:creeper":1,"minecraft:sheep":3,"minecraft:zombie":52,"minecraft:cow":17,"minecraft:bogged":53,"minecraft:slime":178,"minecraft:husk":42,"minecraft:hoglin":6,"minecraft:breeze":14,"minecraft:wither_skeleton":5,"minecraft:villager":1},"minecraft:dropped":{"minecraft:spruce_sign":1,"minecraft:moss_block":1,"minecraft:stripped_mangrove_wood":3,"minecraft:glass_bottle":7,"minecraft:dirt":25,"minecraft:jungle_sapling":1,"minecraft:writable_book":3,"minecraft:birch_log":2,"minecraft:bone":4,"minecraft:waxed_cut_copper_slab":1,"minecraft:sugar_cane":13,"minecraft:nether_brick":8,"minecraft:rotten_flesh":80,"minecraft:white_bed":1,"minecraft:breeze_rod":1,"minecraft:painting":1,"minecraft:arrow":43,"minecraft:bread":6,"minecraft:oak_slab":23,"minecraft:wheat_seeds":28,"minecraft:lilac":6,"minecraft:waxed_oxidized_cut_copper_stairs":1,"minecraft:iron_helmet":1,"minecraft:cobblestone":5,"minecraft:stick":20,"minecraft:fire_charge":4,"minecraft:potion":1,"minecraft:iron_leggings":1,"minecraft:stripped_birch_log":1,"minecraft:oak_stairs":32,"minecraft:iron_axe":2,"minecraft:string":2,"minecraft:dandelion":1,"minecraft:moss_carpet":1,"minecraft:oak_trapdoor":4,"minecraft:iron_boots":1,"minecraft:potato":4,"minecraft:sea_pickle":12,"minecraft:iron_chestplate":1,"minecraft:diamond_pickaxe":1,"minecraft:yellow_bed":1,"minecraft:oak_sapling":1,"minecraft:bow":4,"minecraft:brick":8},"minecraft:crafted":{"minecraft:oak_planks":304,"travelersbackpack:iron":1,"minecraft:cobblestone_slab":6,"travelersbackpack:crafting_upgrade":1,"minecraft:diamond_shovel":1,"minecraft:bookshelf":22,"minecraft:glass":26,"minecraft:iron_boots":1,"minecraft:chest":8,"minecraft:oak_slab":42,"travelersbackpack:iron_tier_upgrade":1,"minecraft:emerald":165,"minecraft:diamond_axe":1,"minecraft:crafting_table":2,"minecraft:spruce_planks":2700,"travelersbackpack:standard":3,"minecraft:iron_helmet":1,"minecraft:smithing_table":1,"minecraft:fletching_table":4,"minecraft:birch_planks":28,"minecraft:iron_chestplate":1,"minecraft:shield":1,"minecraft:stick":5068,"minecraft:iron_ingot":47,"minecraft:iron_block":2,"minecraft:gold_ingot":8,"minecraft:furnace":3,"minecraft:spruce_fence":3,"travelersbackpack:gold_tier_upgrade":1,"travelersbackpack:blank_upgrade":4,"minecraft:oak_trapdoor":16,"travelersbackpack:white_sleeping_bag":1,"minecraft:wheat":18,"minecraft:spruce_sign":6,"minecraft:enchanting_table":1,"travelersbackpack:backpack_tank":4,"minecraft:enchanted_book":2,"minecraft:air":0,"minecraft:jungle_planks":48,"minecraft:oak_boat":1,"minecraft:iron_leggings":1,"minecraft:anvil":1,"minecraft:torch":48},"minecraft:mined":{"minecraft:waxed_cut_copper_slab":1,"minecraft:spruce_planks":7,"minecraft:white_bed":21,"minecraft:jungle_leaves":88,"minecraft:brewing_stand":1,"minecraft:obsidian":4,"minecraft:grass_block":36,"minecraft:jungle_log":12,"minecraft:coal_block":4,"minecraft:chiseled_tuff_bricks":2,"minecraft:composter":1,"minecraft:tuff_bricks":17,"minecraft:spawner":8,"minecraft:fire":24,"minecraft:polished_tuff":1,"minecraft:moss_carpet":1,"minecraft:fletching_table":4,"minecraft:oak_stairs":64,"minecraft:iron_bars":2,"minecraft:stripped_mangrove_wood":3,"minecraft:tripwire":1,"minecraft:green_bed":1,"minecraft:brown_mushroom":7,"minecraft:kelp_plant":7,"minecraft:smoker":2,"minecraft:powder_snow":1,"minecraft:torch":2,"minecraft:blast_furnace":14,"minecraft:chest":2,"minecraft:mushroom_stem":15,"minecraft:spruce_wall_sign":1,"minecraft:cobblestone":99,"minecraft:sugar_cane":5,"minecraft:oak_planks":45,"minecraft:wall_torch":15,"minecraft:seagrass":1,"minecraft:birch_log":9,"minecraft:wheat":1,"minecraft:waxed_oxidized_cut_copper_stairs":1,"minecraft:waxed_copper_block":1,"minecraft:oak_log":41,"minecraft:waxed_oxidized_copper":1,"minecraft:sand":37,"minecraft:dirt":53,"minecraft:red_mushroom_block":45,"minecraft:oak_leaves":19,"minecraft:deepslate":21,"minecraft:mossy_cobblestone":3,"minecraft:oak_door":1,"minecraft:stripped_birch_log":2,"minecraft:decorated_pot":11,"minecraft:jungle_planks":6,"minecraft:spruce_leaves":128,"minecraft:moss_block":1,"minecraft:kelp":15,"minecraft:large_fern":3,"minecraft:hay_block":38,"minecraft:oak_trapdoor":1,"minecraft:spruce_sapling":1,"minecraft:furnace":2,"minecraft:stripped_spruce_log":1,"minecraft:gold_block":3,"minecraft:bell":1,"minecraft:bookshelf":40,"minecraft:deepslate_iron_ore":1,"minecraft:vine":2,"minecraft:stripped_oak_log":36,"minecraft:stone":495,"minecraft:white_wool":2,"minecraft:oak_slab":23,"minecraft:glass_pane":3,"minecraft:brown_carpet":4,"minecraft:dandelion":1,"minecraft:crafting_table":1,"minecraft:short_grass":19,"minecraft:lectern":59,"minecraft:tall_grass":7,"minecraft:copper_ore":2,"minecraft:diorite":83,"minecraft:spruce_stairs":3,"minecraft:birch_planks":3,"minecraft:spruce_log":953,"minecraft:yellow_bed":1,"minecraft:coal_ore":20,"minecraft:gravel":121,"minecraft:fern":3},"minecraft:broken":{"minecraft:iron_boots":1,"minecraft:iron_chestplate":1,"minecraft:iron_leggings":1,"minecraft:shield":1,"minecraft:iron_helmet":1},"minecraft:killed_by":{"minecraft:wither_skeleton":1,"minecraft:piglin_brute":3,"minecraft:bogged":1,"artifacts:mimic":2,"minecraft:husk":3,"minecraft:hoglin":1},"minecraft:custom":{"minecraft:animals_bred":1,"minecraft:interact_with_crafting_table":43,"minecraft:open_barrel":47,"minecraft:bell_ring":27,"minecraft:leave_game":5,"minecraft:time_since_death":132475,"minecraft:sprint_one_cm":634433,"minecraft:damage_blocked_by_shield":2570,"minecraft:drop":106,"minecraft:talked_to_villager":148,"minecraft:play_time":313034,"minecraft:deaths":11,"minecraft:jump":6018,"minecraft:interact_with_brewingstand":1,"minecraft:walk_on_water_one_cm":43566,"minecraft:enchant_item":2,"minecraft:interact_with_furnace":68,"minecraft:traded_with_villager":172,"minecraft:sleep_in_bed":16,"minecraft:damage_dealt":59741,"minecraft:crouch_one_cm":74168,"minecraft:inspect_dispenser":3,"minecraft:interact_with_smithing_table":7,"minecraft:interact_with_anvil":1,"minecraft:mob_kills":457,"minecraft:climb_one_cm":16037,"minecraft:walk_one_cm":671862,"minecraft:sneak_time":29426,"minecraft:walk_under_water_one_cm":34991,"minecraft:boat_one_cm":164209,"minecraft:interact_with_lectern":1,"minecraft:total_world_time":327393,"minecraft:time_since_rest":15973,"minecraft:damage_taken":11040,"minecraft:damage_absorbed":80,"minecraft:swim_one_cm":78220,"minecraft:fly_one_cm":1106668,"minecraft:open_chest":199,"minecraft:fall_one_cm":136438}},"DataVersion":3955}