{"stats":{"minecraft:custom":{"minecraft:time_since_rest":27992,"lootr:looted_stat":7,"minecraft:sprint_one_cm":56180,"minecraft:damage_taken":505,"minecraft:walk_one_cm":45763,"minecraft:damage_blocked_by_shield":190,"minecraft:mob_kills":14,"minecraft:drop":7,"minecraft:damage_dealt":2763,"minecraft:swim_one_cm":1681,"minecraft:interact_with_crafting_table":4,"minecraft:fly_one_cm":73854,"minecraft:crouch_one_cm":4499,"minecraft:play_time":27992,"minecraft:sneak_time":1623,"minecraft:walk_under_water_one_cm":503,"minecraft:damage_dealt_resisted":0,"minecraft:jump":484,"minecraft:time_since_death":27992,"minecraft:walk_on_water_one_cm":2259,"minecraft:threat":1,"minecraft:climb_one_cm":331,"minecraft:total_world_time":27992,"minecraft:hex":0,"minecraft:fall_one_cm":9282},"minecraft:picked_up":{"minecraft:stick":4,"minecraft:crafting_table":1,"minecraft:raw_iron":3,"minecraft:sweet_berries":6,"minecraft:red_mushroom":1,"minecraft:porkchop":3,"regions_unexplored:maple_planks":1,"minecraft:string":2,"minecraft:dirt":6,"minecraft:bone":1,"minecraft:arrow":3,"minecraft:rotten_flesh":2,"regions_unexplored:maple_sapling":4,"minecraft:hay_block":2,"regions_unexplored:maple_log":9,"fishofthieves:earthworms":1,"minecraft:emerald":3,"minecraft:coal":14,"minecraft:cobblestone":26},"minecraft:mined":{"minecraft:hay_block":2,"regions_unexplored:maple_planks":1,"minecraft:iron_ore":3,"treechop:chopped_log":1,"minecraft:crafting_table":1,"minecraft:grass_block":3,"minecraft:coal_ore":14,"minecraft:dirt":3,"minecraft:mushroom_stem":10,"minecraft:brown_mushroom_block":4,"minecraft:tall_grass":1,"minecraft:cobblestone":6,"regions_unexplored:medium_grass":1,"minecraft:red_mushroom_block":3,"minecraft:stone":20},"minecraft:dropped":{"minecraft:dirt":6,"fishofthieves:earthworms":1,"minecraft:stone_sword":1,"minecraft:rotten_flesh":2,"regions_unexplored:maple_sapling":4,"minecraft:wooden_pickaxe":1,"spellbladenext:flaming_falchion":1},"minecraft:killed":{"minecraft:skeleton":1,"minecraft:pillager":5,"minecraft:pig":2,"minecraft:zombie":1,"minecraft:spider":3,"minecraft:vindicator":1},"minecraft:used":{"minecraft:stone_sword":60,"minecraft:iron_pickaxe":10,"minecraft:bread":12,"minecraft:stone_pickaxe":31,"minecraft:wooden_pickaxe":3,"minecraft:shield":14,"spellbladenext:arcane_blade":17,"regions_unexplored:maple_planks":8,"minecraft:stone_axe":25,"minecraft:cobblestone":17,"minecraft:crafting_table":2},"minecraft:crafted":{"minecraft:crafting_table":1,"minecraft:stick":8,"minecraft:iron_pickaxe":1,"regions_unexplored:maple_planks":36,"minecraft:wooden_pickaxe":1,"minecraft:stone_pickaxe":1,"minecraft:stone_axe":1}},"DataVersion":3465}