{"stats":{"minecraft:custom":{"lootr:looted_stat":10,"minecraft:mob_kills":35,"minecraft:interact_with_crafting_table":6,"minecraft:damage_dealt_resisted":0,"minecraft:time_since_death":39992,"minecraft:climb_one_cm":705,"minecraft:hex":0,"minecraft:time_since_rest":39992,"minecraft:sprint_one_cm":88415,"minecraft:damage_taken":747,"minecraft:walk_one_cm":66683,"minecraft:damage_blocked_by_shield":220,"minecraft:drop":12,"minecraft:damage_dealt":6850,"minecraft:swim_one_cm":18829,"minecraft:fly_one_cm":107242,"minecraft:crouch_one_cm":5172,"minecraft:play_time":39992,"minecraft:sneak_time":2666,"minecraft:walk_under_water_one_cm":10499,"minecraft:jump":769,"minecraft:interact_with_blast_furnace":1,"minecraft:walk_on_water_one_cm":20450,"minecraft:threat":9,"minecraft:total_world_time":39992,"minecraft:fall_one_cm":13104},"minecraft:picked_up":{"minecraft:crafting_table":2,"minecraft:leather":10,"minecraft:smoker":1,"minecraft:red_mushroom":1,"regions_unexplored:maple_planks":1,"minecraft:oak_log":4,"minecraft:dirt":6,"minecraft:string":2,"minecraft:bone":1,"minecraft:wheat_seeds":1,"minecraft:beef":14,"fishofthieves:earthworms":1,"minecraft:raw_iron":3,"minecraft:stick":4,"minecraft:sweet_berries":6,"minecraft:spruce_fence":3,"minecraft:porkchop":3,"minecraft:blast_furnace":1,"minecraft:arrow":9,"minecraft:rotten_flesh":2,"regions_unexplored:maple_sapling":4,"minecraft:hay_block":2,"regions_unexplored:maple_log":9,"minecraft:emerald":7,"minecraft:oak_sapling":2,"minecraft:mutton":2,"minecraft:coal":29,"minecraft:white_wool":1,"minecraft:cobblestone":30},"minecraft:mined":{"regions_unexplored:maple_planks":1,"minecraft:smoker":1,"minecraft:crafting_table":2,"minecraft:blast_furnace":1,"minecraft:spruce_fence":12,"minecraft:grass_block":3,"minecraft:mushroom_stem":10,"minecraft:brown_mushroom_block":4,"minecraft:tall_grass":1,"minecraft:cobblestone":6,"minecraft:spruce_stairs":2,"minecraft:hay_block":2,"minecraft:iron_ore":3,"treechop:chopped_log":2,"minecraft:grass":1,"minecraft:coal_ore":29,"minecraft:dirt":4,"regions_unexplored:medium_grass":1,"minecraft:red_mushroom_block":3,"minecraft:stone":24},"minecraft:dropped":{"minecraft:wheat_seeds":1,"minecraft:stone_sword":1,"minecraft:cobblestone":1,"minecraft:rotten_flesh":2,"regions_unexplored:maple_sapling":4,"minecraft:spruce_fence":3,"minecraft:dirt":6,"fishofthieves:earthworms":1,"minecraft:oak_sapling":2,"minecraft:wooden_pickaxe":1,"spellbladenext:flaming_falchion":1,"minecraft:bone":1},"minecraft:killed":{"minecraft:pig":2,"minecraft:iron_golem":1,"minecraft:vindicator":2,"minecraft:spider":3,"minecraft:sheep":1,"minecraft:skeleton":2,"minecraft:pillager":12,"minecraft:zombie":1,"friendsandfoes:moobloom":6,"minecraft:cow":3},"minecraft:used":{"minecraft:stone_sword":60,"minecraft:stone_pickaxe":31,"minecraft:shield":17,"minecraft:wooden_pickaxe":3,"spellbladenext:arcane_blade":127,"regions_unexplored:maple_planks":11,"minecraft:torch":3,"minecraft:crafting_table":2,"minecraft:apple":1,"minecraft:bread":18,"minecraft:iron_pickaxe":31,"minecraft:stone_axe":50,"minecraft:cobblestone":23,"minecraft:sweet_berries":3},"minecraft:crafted":{"minecraft:crafting_table":1,"regions_unexplored:maple_planks":36,"minecraft:wooden_pickaxe":1,"minecraft:stone_axe":1,"minecraft:bread":6,"minecraft:stick":8,"minecraft:iron_pickaxe":1,"minecraft:stone_pickaxe":1,"minecraft:torch":16,"minecraft:wheat":18}},"DataVersion":3465}